nome,razao_social,fantasia,cnpj,inscricao_estadual,cep,logradouro,bairro,cidade,estado,ibge,email,celular,telefone
WEVERTON LOPES FERNANDES & CIA LTDA,WEVERTON LOPES FERNANDES & CIA LTDA,FUNERARIA PAZ ETERNA,22.803.899/0001-13,083.115.04-8,29820-000,"RUA IRACY MARQUES, 347",CENTRO,AGUA DOCE DO NORTE,ES,3200169,avantcontabilidade01@gmail.com,,(33)8867-3936
DJE SERVICOS FUNERARIOS LTDA,DJE SERVICOS FUNERARIOS LTDA,FUNERARIA SAO VICENT,40.886.325/0001-38,003998504.00-23,37940-000,"RUA BELO HORIZONTE, 1725",SAO BENEDITO,ALPINOPOLIS,MG,3101904,rm2091adm@gmail.com,,035 3523-1502
FUNERARIA ALVINOPOLIS LTDA,FUNERARIA ALVINOPOLIS LTDA,FUNERARIA ALVINOPOLI,02.142.043/0001-37,023.718.324.00-09,35950-000,"AVENIDA AV ANTONIO CARLOS, 782 A",BAIRRO,ALVINOPOLIS,MG,3102308,keniaseveriano@hotmail.com,,031 3855-1198
FUNERARIA ALVES AM LTDA,FUNERARIA ALVES AM LTDA,FUNERARIA ALVES AM L,47.194.064/0001-34,165.672.510.119,13465-340,"RUA JOSE FERREIRA ARANHA, 271",CHACARA GIRASSOL,AMERICANA,SP,3501608,ltcabc@hotmail.com,,019 3648-4531
PAX SERVICOS FUNERARIOS LTDA,PAX SERVICOS FUNERARIOS LTDA,PAX SERVICOS FUNERAR,32.981.081/0001-44,ISENTO,13465-020,"RUA FERNANDO CAMARGO, 827",CENTRO,AMERICANA,SP,3501608,diretoria@assistenciagrupopax.com,19 34082551,19 34062004
EMPRESA FUNERARIA SAO SEBASTIAO LTDA,EMPRESA FUNERARIA SAO SEBASTIAO LTDA,FUNERARIA SAO SEBAST,01.051.606/0001-19,10.058.734-8,75024-040,"RUA GENERAL JOAQUIM INACIO, 255",CENTRO,ANAPOLIS,GO,5201108,caixao.roxo@hotmail.com,062 3313-6968,062 3324-2896
FUNERARIA VERDE MAR GOUVEA LTDA,FUNERARIA VERDE MAR GOUVEA LTDA,FUNERARIA VERDE MAR,51.281.652/0001-82,12.915.56-0,23934-005,"R PREFEITO JOAO GREGORIO GALINDO, 58",JAPUIBA,ANGRA DOS REIS,RJ,3300100,gouveacigano@gmail.com,(24) 33656165,(24) 7404-5240
PAX APARECIDA SERVICOS POSTUMOS LTDA.,PAX APARECIDA SERVICOS POSTUMOS LTDA.,FUNERARIA PAX APAREC,10.712.139/0001-11,ISENTO,74905-190,"AVENIDA BRASILIA, S/N",VILA BRASILIA,APARECIDA DE GOIANIA,GO,5201405,paxaparecida@hotmail.com,,(62) 3549-6585
FUNERARIA GOIANIA LTDA,FUNERARIA GOIANIA LTDA,PAX GOIANIA,06.219.783/0001-85,10.392.927-4,74910-190,"RUA VISCONDE DE OURO PRETO, SN",PQ REAL DE GOIANIA,APARECIDA DE GOIANIA,GO,5201405,paxgoiania@hotmail.com,062 99146-8055,062 3983-3912
JOAO CORREIA DA SILVA APIAI - ME,JOAO CORREIA DA SILVA APIAI - ME,ORGANIZACAO SOCIAL D,02.136.965/0001-31,176.085.197.117,18320-000,"RUA 1 DE MAIO, 774",CENTRO,APIAI,SP,3502705,osla.apiai@uol.com.br,,015 3552-1307
AMARE GESTAO DE PROCESSOS LTDA EPP,AMARE GESTAO DE PROCESSOS LTDA EPP,ALPHA AMARE,23.484.474/0001-51,623.374.454.112,18147-000,"AVENDIDA NICOLAU FERREIRA DE SOUZA, 446",CENTRO,ARACARIGUAMA,SP,3502754,atendimento@alphaamare.com.br,,011 4237-3405
PAX DO BRASIL ADMINISTRACAO LTDA EPP,PAX DO BRASIL ADMINISTRACAO LTDA EPP,PAX DO BRASIL,17.661.596/0001-73,ISENTO,38440-128,"RUA MARCIANO SANTOS, 740",CENTRO,ARAGUARI,MG,3103504,paxdobrasil@uol.com.br,,034 3241-0940
CONSELHO CENTRAL DE ARAGUARI DA SOC S VI,CONSELHO CENTRAL DE ARAGUARI DA SOC S VICENTE DE PAULO,SERVICO SOCIAL DE LU,16.823.205/0002-98,ISENTO,38440-280,"RUA JOSIAS BATISTA LEITE, 283",BOSQUE,ARAGUARI,MG,3103504,fozanam@hotmail.com,,034 3241-2543
ALLIANCE ASSIST ADMINISTRADORA DE PLANOS,ALLIANCE ASSIST ADMINISTRADORA DE PLANOS,ALLIANCE ASSIST FUNE,52.713.072/0001-80,ISENTO,13600-070,"RUA TIRADENTES, 27",CENTRO,ARARAS,SP,3503307,begnami@begnami.com,19 98732-0886,(19) 3541-2320
P.R. GERLACH FUNERARIA,P.R. GERLACH FUNERARIA,PREVENTVIDA ASSISTEN,17.585.025/0001-05,isento,07400-470,"RUA SIQUEIRA CAMPOS, 165",JARDIM RINCAO,ARUJA,SP,3503901,paularoseane@hotmail.com,,(41) 9629-9709
FLAMIL COMERCIO E SERVICOS FUNERARIOS LT,FLAMIL COMERCIO E SERVICOS FUNERARIOS LTDA ME,FLAMIL FUNERARIA,00.937.800/0001-33,190119226119,12940-810,"PRACA BENTO PAES, 88",CENTRO,ATIBAIA,SP,3504107,flamiladmplanos@yahoo.com,(11) 4412-3574,011 9.9960-664
FORTALEZA SERVICOS DE LUTO LTDA,FORTALEZA SERVICOS DE LUTO LTDA,,04.102.236/0001-90,ISENTO,15140-000,"RUA RIO DE JANEIRO, 184",CENTRO,BALSAMO,SP,3504800,daulian@superig.com.br,017 3215-3106,017 3121-8007
HOSPITAL NOSSA SENHORA DO BRASIL,HOSPITAL NOSSA SENHORA DO BRASIL,,17.032.293/0001-91,ISENTO,38900-000,"RUA DR MARIO CAMPOS, 80",CENTRO,BAMBUI,MG,3105103,farmaciansbrasil@yahoo.com.br,,037 3431-5500
DANIELA MARQUES VIEIRA,DANIELA MARQUES VIEIRA,PAX BARAO DE COCAIS,11.137.572/0001-33,001399578.00-32,35970-000,"RUA LUIZ PINTO, 88",VILA REGINA,BARAO DE COCAIS,MG,3105400,paxbaraodecocais@gmail.com,,031 3837-1477
COMPANHIA BRASILEIRA DE SERVICOS FUNERAR,COMPANHIA BRASILEIRA DE SERVICOS FUNERARIOS LTDA,ZELO,27.630.446/0005-80,ISENTO,36202-344,"RUA MARECHAL FLORIANO PEIXOTO, 177",PONTILHAO,BARBACENA,MG,3105608,controladoria@grupozelo.com,,031 3314-8000
FUNDO MUNICIPAL DE ASSISTENCIA SOCIAL,FUNDO MUNICIPAL DE ASSISTENCIA SOCIAL,BARRA MANSA,10.268.003/0001-64,ISENTO,27320-200,"RUA OSCAR DA SILVA MARINS, 252",CENTRO,BARRA MANSA,RJ,3300407,financeiro.sps@barramansa.rj.gov.br,,24 3322-8098
PARQUE DAS OLIVEIRAS EMPREEND.COMERCIAS,PARQUE DAS OLIVEIRAS EMPREEND.COMERCIAS LTDA ME,OLIVEIRAS,56.908.411/0001-34,204.122.672.114,14781-560,"AVENIDA PAULO CASTOR GOMES, 500",PQ RESID.MINERVA,BARRETOS,SP,3505500,rachell.chell@gmail.com,017 3323-6060,017 33236060
MFJP SERVICOS E COMERCIO LTDA,MFJP SERVICOS E COMERCIO LTDA,MFJP SERVICOS E COME,19.281.761/0001-97,206.390.577.110,06411-200,"RUA MARCELINA CHALUPE, 281",VILA BOA VISTA,BARUERI,SP,3505708,contato.mfjp@outlook.com,(11)99684-8580,(11) 4326-3803
REDE UNIPAZ ESTANCIAS LTDA,REDE UNIPAZ ESTANCIAS LTDA,REDE UNIPAZ ASSISTEN,61.132.997/0001-28,208.183.700.117,14315-222,"AVENIDA JULIO CESAR SAQUETO DA COSTA., 161",POTREIRO,BATATAIS,SP,3505906,contatounipaz2012@gmail.com,,(62) 9479-2505
EMPRESA MUNIC DE DESEMVOLV URBANO RURAL,EMPRESA MUNIC DE DESEMVOLV URBANO RURAL DE BAURU,EMDURB,50.778.851/0001-38,ISENTO,17020-293,"PRACA JOAO PAULO II, SN",JD.SANTANA,BAURU,SP,3506003,jennyffersantos@emdurb.com.br,014 3233-9119,014 3235-1450
ORGANIZACAO SAO JOAO SERVICOS POSTUMOS L,ORGANIZACAO SAO JOAO SERVICOS POSTUMOS LTDA,FUNERARIA SAO JOAO,55.079.792/0001-23,210.004.989.116,14701-690,"AV JOSE CUTRALE JUNIOR, 1764",JARDIM CRUZEIRO DO S,BEBEDOURO,SP,3506102,rafael@organizacaosaojoao.com.br,,017 3342-5771
FENIX PLANOS ASSISTENCIAIS LTDA,FENIX PLANOS ASSISTENCIAIS LTDA,FENIX SERVICOS POSTU,20.362.031/0001-08,ISENTO,75240-000,"RUA CORONEL JOAO CAMILO, 105",CENTRO,BELA VISTA DE GOIAS,GO,5203302,fenixfuneraria-ltda@hotmail.com,,062 3551-4158
FUNERARIA ALVES LTDA,FUNERARIA ALVES LTDA,FUNERARIA ALVES,25.401.894/0001-52,060.586.995.00-06,35920-000,"RUA OSCAR DE ARAUJO, 99",CENTENARIO,BELA VISTA DE MINAS,MG,3106002,funerariabelavista@hotmail.com,031 3861-0380,031 3861-1857
ASSUNCAO REMOCOES E TRANSLADO LTDA,ASSUNCAO REMOÇÕES,ASSUNCAO REMOCOES E,34.979.581/0001-77,ISENTO,30150-281,"AVENIDA BERNARDO MONTEIRO, 391",SANTA EFIGENIA,BELO HORIZONTE,MG,3106200,contabilidadeamorim@uol.com.br,,031 99306-6222
MEMORIAL REDE DE ASSISTENCIA FAMILIAR LT,MEMORIAL REDE DE ASSISTENCIA FAMILIAR LTDA,REDE MEMORIAL,10.432.251/0001-07,ISENTO,30110-915,"AV DO CONTORNO, 2905",SANTA EFIGENIA,BELO HORIZONTE,MG,3106200,comercial@redememorial.com.br,,031 3334-0102
ASSOCIPAX FUNERARIA LTDA,ASSOCIPAX FUNERARIA LTDA,ASSOCIPAX,40.611.132/0001-74,0040082380040,30431-061,"AVENIDA AMAZONAS, 3625",BARROCA,BELO HORIZONTE,MG,3106200,atendimento@associpax.com.br,31 9670-2797,031 3654-8673
SOMATO SERVICOS FUNERARIOS E SOMATOCONSE,SOMATO SERVICOS FUNERARIOS E SOMATOCONSERCACAO LTDA,,22.138.145/0001-96,0038220690089,30510-520,"RUA ITATIBA, 90",JARDINOPOLIS,BELO HORIZONTE,MG,3106200,moreiracontabil@msn.com,,031 3372-3930
COMPANHIA BRASILEIRA DE SERVICOS FUNERAR,COMPANHIA BRASILEIRA DE SERVICOS FUNERARIOS LTDA,GRUPO ZELO,27.630.446/0002-37,ISENTO,30510-210,"RUA OSCAR NEGRAO DE LIMA, 406",NOVA GAMELEIRA,BELO HORIZONTE,MG,3106200,junior.marinho@grupozelo.com,,031 3314-8000
VALORIZE SERVICOS POSTUMOS LTDA ME,VALORIZE SERVICOS POSTUMOS LTDA ME,METROPAX,20.097.717/0001-00,002.345.081.00-22,30110-014,"AVENIDA DO CONTORNO, 2948",SANTA EFIGENIA,BELO HORIZONTE,MG,3106200,comprador@planosmetropax.com.br,031 99557-4848,031 3057-4010
SANTA CASA DE MISERICORDIA DE BELO HORIZ,SANTA CASA DE MISERICORDIA DE BELO HORIZONTE,SANTA CASA,17.209.891/0008-60,062.856647.01-67,30150-280,"AVENIDA BERNARDO MONTEIRO, 367",SANTA EFIGENIA,BELO HORIZONTE,MG,3106200,larissamiranda@santacasabh.org.br,,031 3237-7281
EMPRESA FUNERARIA SCHUNCK LTDA,EMPRESA FUNERARIA SCHUNCK LTDA,FUNERARIA SCHUNCK,02.539.867/0002-26,738.087.030.119,11250-000,"AVENIDA DOUTOR LEONARDO DE BONNA, 39",VILA ITAPANHAU,BERTIOGA,SP,3506359,funerariaschunck.bertioga@hotmail.com,,13 3317-3898
FUNERARIA CORACAO DE JESUS LTDA,FUNERARIA CORACAO DE JESUS LTDA,,48.995.740/0001-31,ISENTO,18609-083,"RUA MAJOR MATHEUS, 122",VILA DOS LAVRADORES,BOTUCATU,SP,3507506,murilopz@hotmail.com; financeiro@botucatuprever.com.br;,014 99118-6569,014 3811-4040
FUNERARIA MOTTA LTDA ME,FUNERARIA MOTTA LTDA ME,FUN.MOTTA,07.671.929/0001-91,ISENTO,12900-011,"RUA ANTONIO PIRES PIMENTEL, 34",CENTRO,BRAGANCA PAULISTA,SP,3507605,financeiro2@planomotta.com.br;grupomottafuneraria@terra.com.br,,011 4033-2314
DISTRITAL SERVICOS FUNERARIOS,DISTRITAL SERVICOS FUNERARIOS LTDA,DISTRITAL SERVICOS F,60.567.461/0001-72,0838969700111,70296-530,"Q SHCS CL QUADRA 413, BLOCO C , S/N",ASA SUL,BRASILIA,DF,5300108,funerariadodistritofederal@hotmail.com,,(61)7403-9879
SANTA CASA SERVICOS FUNERARIOS LTDA,SANTA CASA SERVICOS FUNERARIOS LTDA,FUNERARIA SANTA CASA,07.516.133/0001-64,0746878700156,70834-530,"QUADRA Q 1, S/N",PLANALTINA,BRASILIA,DF,5300108,santacasa.sf@hotmail.com,,061 99999-9615
SECRETARIA DE ESTADO DE DESENVOLVIMENTO,SECRETARIA DE ESTADO DE DESENVOLVIMENTO SOCIAL DO DISTRITO FEDERAL,SECRETARIA DE ESTADO,04.251.080/0001-09,ISENTO,70040-020,"SETOR BANCARIO NORTE QUADRA 02 BLOCOK TERCEIRO SUBSOLO, 02",ASA NORTE,BRASILIA,DF,5300108,uag@trabalho.df.gov.br,,061 3328-5561
FUNERARIA PARAISO ETERNO LTDA,FUNERARIA PARAISO ETERNO LTDA,FUNERARIA PARAISO ET,04.316.087/0002-42,0749389500221,71215-221,"QUADRA SOF SUL QUADRA 4 CONJUNTO A LOTE, 03",GUARA,BRASILIA,DF,5300108,funerariaparaisoeternomatriz@gmail.com,,061 3485-5538
FUNERARIA BOM SAMARITANO PREMIER LTDA,FUNERARIA BOM SAMARITANO PREMIER LTDA,BOM SAMARITANO PREMI,15.385.376/0001-39,076.052.240.0106,70373-530,"Q SHCS CLS 110, BLOCO C LOJA 35",ASA SUL,BRASILIA,DF,5300108,francoa.castro@gmail.com,,061 3536-9496
S L ASSISTENCIA FAMILIAR LTDA,S L ASSISTENCIA FAMILIAR LTDA,FUNERARIA SANTA LUZI,06.263.835/0001-10,0747069100218,72237-490,"ADE QD 04, COJ I, LOTE 18",A.D.E CEILANDIA,BRASILIA,DF,5300108,funerariasantaluzianfe@gmail.com,,061 3378-1114
FUNERARIA DINAMICA LTDA,FUNERARIA DINAMICA LTDA,FUNERARIA DINAMICA,07.802.377/0001-03,074.745.040.01-67,70297-510,"RUA Q CLS 414 BLOCO A, SN",ASA SUL,BRASILIA,DF,5300108,funerariadinamica@gmail.com,,061 3346-2282
FUNERARIA AMOR ETERNO LTDA,FUNERARIA AMOR ETERNO LTDA,PAX AMOR ETERNO SERV,05.346.734/0001-40,074.395.950.019-5,72215-566,"EQNM 17 19 BLOCO F LOTE, 5",CEILANDIA,BRASILIA,DF,5300108,paxamoreternocerimonial@hotmail.com,061 3037-1399,061 3371-3496
FUNERARIA APOCALIPSE LTDA,FUNERARIA APOCALIPSE LTDA,FUNERARIA BOA ESPERA,03.336.941/0001-99,0746464100103,72460-320,"QUADRA 32 LOTE 13 TERREO E SALA 03 1  ANDAR, SN",GAMA - SETOR LESTE,BRASILIA,DF,5300108,apocalipse@apocalipse.com.br,,(61) 36151105
CENTER PAX PROMOTORA DE VENDAS LTDA EPP,CENTER PAX PROMOTORA DE VENDAS LTDA EPP,,33.459.801/0006-83,073.139.460.05.03,73020-414,"LOTE 13 QUADRA, 14",SOBRADINHO AREA EXP,BRASILIA,DF,5300108,felisminof@hotmail.com,,061 99858-1292
LUCIANA IBRAHIM VIEIRA,LUCIANA IBRAHIM VIEIRA,FUNERARIA MONTE SERR,05.025.910/0001-42,233.073.969.112,13318-130,"RUA FERNANDO NUNES, 644",BAIRRO JACARE,CABREUVA,SP,3508405,g.funerariaespiritosanto@gmail.com,011 99589-5492,011 4409-3090
EUGENIO PINTO DE FREITAS ME,EUGENIO PINTO DE FREITAS ME,UNIPLAN ASSITENCIA F,47.487.822/0001-02,234.017.361.111,12281-540,"PRACA RODRIGUES ALVES, 45",CENTRO,CACAPAVA,SP,3508504,eugeniofilho@uniplanassistencia.com.br,012 3653-3584,012 3653-3265
ASSISTENCIAL CACHOEIRO CEMITERIO PARQUE,ASSISTENCIAL CACHOEIRO CEMITERIO PARQUE LTDA,,04.300.082/0001-40,082080348,29308-080,"RUA MANOEL BRAGA MACHADO, 10",BAIRRO FERROVIARIOS,CACHOEIRO DE ITAPEMIRIM,ES,3201209,financeira@seuplanodevida.com.br,,028 3522-7933
PAX FUNERARIA SANTA FE LTDA,PAX FUNERARIA SANTA FE LTDA,PAX E FUNERARIA SANT,02.653.525/0003-13,ISENTO,75805-000,"RUA CORONEL MANOEL INACIO, 621",BAIRRO,CACU,GO,5204300,pax@pax.com.br,,064 3656-1052
FUNERARIA RAINHA DA PAZ INVEST PLAN EIRE,FUNERARIA RAINHA DA PAZ INVEST PLAN EIRELI,FUNERARIA RAINHA DA,33.630.942/0001-02,ISENTO,34800-000,"AVENIDA DOUTOR JOAO PINHEIRO, 1733",CENTRO,CAETE,MG,3110004,rainhadapazcaete@gmail.com,,031 3651-8217
FUNERARIA E PAX SAO JERONIMO LTDA,FUNERARIA E PAX SAO JERONIMO LTDA,PAX CALDAS,01.440.035/0001-04,ISENTO,75681-800,"RUA A, QUADRA 06, LOTE 1 Nº 750",JARDIM ROMA,CALDAS NOVAS,GO,5204508,paxcaldas@hotmail.com,64 8402-6637,064 3453-1563
FENIX SERVICOS FUNERARIOS ASSISTENCIAIS,FENIX SERVICOS FUNERARIOS ASSISTENCIAIS LTDA,FENIX ADM. FUNERARIA,07.759.571/0001-53,ISENTO,75680-001,"AVENIDA Z QD 05 LT 04 ESQ C RUA 02, 815",ESTANCIA ITAJA,CALDAS NOVAS,GO,5204508,fenixfunerarialtda@hotmail.com,64 9262-2135,064 3453.7140
GRUPO MOTTA E NOSSA SENHORA DO CARMO  LT,GRUPO MOTTA E NOSSA SENHORA DO CARMO  LTDA,GRUPO MOTTA E NOSSA,11.381.459/0001-07,ISENTO,37600-000,"RUA VEREADOR WALDOMIRO BUENO, 314",JARDIM SAO BENEDITO,CAMBUI,MG,3110608,braganca@planomotta.com.br,,035 98376046
ADILSON DE PAULA PEREIRA - ME,ADILSON DE PAULA PEREIRA - ME,ADILSON DE P,14.322.249/0001-28,002.001.155.00-90,37400-000,"RUA JOAO LUIZ ALVES, 370",CENTRO,CAMPANHA,MG,3110905,contato@funerarianovotempo.com.br,035 3261-1396,035 3261-2202
SETEC SERVICOS TECNICOS GERAIS,SETEC SERVICOS TECNICOS GERAIS,,49.413.800/0001-23,ISENTO,13024-500,"PRACA VOLUNTARIOS DE 32, SN",SWIFT,CAMPINAS,SP,3509502,difin@setec.sp.gov.br,019 3234-4186,019 3734-6124
WMK SERVICOS FUNERARIOS LTDA,WMK SERVICOS FUNERARIOS LTDA,ORGANIZAÇAO DE LUTO,43.720.974/0001-52,245129101112,13236-070,"AVENIDA DA SAUDADE, 20",JD GUANCIALE,CAMPO LIMPO PAULISTA,SP,3509601,whesleyolvp@gmail.com,,011 99604-5307
A J P CHAGAS FLORICULTURA E SERVICOS FUN,A J P CHAGAS FLORICULTURA E SERVICOS FUNERARIOS LTDA,FUNERARIA XV NOVEMBR,43.557.315/0001-47,ISENTO,28035-100,"AVENIDA AV 15 DE NOVEMBRO, 487",PARQUER CONSELHEIRO,CAMPOS DOS GOYTACAZES,RJ,3301009,damianacesario@hotmail.com,,022 99848-8278
T J EMPREENDIMENTOS COMERCIO E SERVICOS,T J EMPREENDIMENTOS COMERCIO E SERVICOS LTDA,VIAGEM DA PAZ,13.435.354/0001-00,79.398.063,28010-271,"RUA SALDANHA MARINHO, 433",CENTRO,CAMPOS DOS GOYTACAZES,RJ,3301009,terezacoliveira2012@hotmail.com,,022 2726-5739
J R B COM DE ARTIGOS FUNERARIOS LTDA EPP,J R B COM DE ARTIGOS FUNERARIOS LTDA EPP,FUNERARIA BOA VIAGEM,39.226.311/0001-09,84.715.52-2,28035-042,"R TENENTE CORONEL CARDOSO, 573",CENTRO,CAMPOS DOS GOYTACAZES,RJ,3301009,financeiro@planoboaviagem.com.br,,(22)99939-8442
BURCKARTE & ZOCCA FUNERARIA LTDA,BURCKARTE & ZOCCA FUNERARIA LTDA,FUNERARIA SAO JOAO,08.321.867/0001-50,ISENTO,13360-000,"PRACA LUIZA MANZATTO FORTI, 879",PARQUE RESIDENCIAL S,CAPIVARI,SP,3510401,orgstarita@orgstarita.com.br,,(19) 3491-1022
ORGANIZACAO FUNERARIA CONSELVAN LTDA ME,ORGANIZACAO FUNERARIA CONSELVAN LTDA ME,ORG.CONSELVA,52.105.483/0001-92,ISENTO,13366-206,"PC LUIZA MANZATTO FORTI, 887",PQ RESIDENCIAL SANTA,CAPIVARI,SP,3510401,financeiro@planogrupounidas.com.br,,019 3491-1033
FUNERAL SANTA FE,FUNERAL SANTA FE,FUNERAL SANTA FE,23.567.153/0002-00,ISENTO,11665-600,"AVENIDA AVENIDA RIO BRANCO, 686",INDAIA,CARAGUATATUBA,SP,3510500,funeralsantafecaragua@gmail.com,,11 94778-6980
FLORICULTURA FENIX LTDA,FLORICULTURA FENIX LTDA,FLORICULTURA FENIX,59.340.897/0001-45,255.827.752.118,06311-001,"AVENIDA RUI BARBOSA, 2370",VILA SANTA TEREZINHA,CARAPICUIBA,SP,3510609,contato@contduarte.com.br,,(11) 4303-1760
W. M. LOPES SERVICOS FUNERARIOS E ASSIST,W. M. LOPES SERVICOS FUNERARIOS E ASSISTENCIA FAMILIAR LTDA,BEM VIVER ASSISTENCI,10.760.011/0001-23,11726682,28180-000,"RUA VICENTE MAIOLINO, 123",CENTRO,CARDOSO MOREIRA,RJ,3301157,wlad.saf@ig.com.br,,022 2785-1673
BOM PASTOR SERVICOS FUNERARIOS E ASSISTE,BOM PASTOR SERVICOS FUNERARIOS E ASSISTENCIA FAMILIAR EIRELI,,34.883.910/0001-81,ISENTO,29157-410,"RUA ONZE, 36",NOVA ROSA DA PENHA,CARIACICA,ES,3201308,funerariabompastor@live.com,,27 3254-7553
FUNERARIA CRUZ ETERNA SERV POSTUMOS LTDA,FUNERARIA CRUZ ETERNA SERV POSTUMOS LTDA ME,CRUZ ETERNA,39.823.927/0001-67,ISENTO,29146-330,"RUA RUA BOLIVAR DE ABREU, 337",CAMPO GRANDE,CARIACICA,ES,3201308,sap@bignotto.com.br,,027 3336-6379
FAGANELO E CIA LTDA ME,FAGANELO E CIA LTDA ME,,45.505.492/0001-05,257.006.222.119,13700-000,"RUA ALTINO ARANTES, 219",CENTRO,CASA BRANCA,SP,3510807,douglasfaganelo@hotmail.com,,19 3671-1066
ASSOCIACAO MACONICA BENEFICENTE LIBERDAD,ASSOCIACAO MACONICA BENEFICENTE LIBERDADE E AMOR - AMBLA,FUNERARIA ORIENTE,11.316.162/0001-50,ISENTO,37980-000,"RUA R CEL. SATURNINO PEREIRA, 637",PATRIMONIO,CASSIA,MG,3115102,funerariaorientecassia@gmail.com,,035 99921-8472
MARIA FERREIRA DA SILVA - CPF 4475112567,MARIA FERREIRA DA SILVA - CPF 44751125672,PAX SERVICOS SOCIAIS,03.465.078/0001-70,1580486080046,38390-000,"RUA DOS MARQUES, 127",CENTRO,CENTRALINA,MG,3115805,odenirfrancisco64@hotmail.com,034 3267-1196,034 3267-2607
COMPANHIA BRASILEIRA DE SERVICOS FUNERAR,COMPANHIA BRASILEIRA DE SERVICOS FUNERAR,COMPANHIA BRASILEIRA,27.630.446/0267-08,ISENTO,29707-011,"RUA DAS ACACIAS, S/N",FAZENDA VITALI,COLATINA,ES,3201506,faleconosco@grupozelo.com,,(31) 3314-8000
COMPANHIA BRASILEIRA DE SERVICOS FUNERAR,COMPANHIA BRASILEIRA DE SERVICOS FUNERARIOS,GRUPO ZELO,27.630.446/0024-42,ISENTO,36415-000,"RUA IDEAL, 144",IDEAL,CONGONHAS,MG,3118007,darlan.silva@grupozelo.com.br,,031 9635-2876
SSB ENERGIA RENOVAVEL LTDA,SSB ENERGIA RENOVAVEL LTDA,SSB ENERGIA,53.905.543/0003-86,272.014.598.111,13490-000,"RODOVIA DR. CASSIO DE FREITAS LEVY KM 3, SN",QUILOMBINHO,CORDEIROPOLIS,SP,3512407,sap@bignotto.com.br,19 3444-3390,19 4103-1768
ORGANIZACAO SOCIAL DE LUTO E PLANO ASSIS,ORGANIZACAO SOCIAL DE LUTO E PLANO ASSISTENCIAL FUNERIA IMPERIUS SAPATA LTDA,FUNERARIA IMPERIU'S,41.861.127/0001-82,ISENTO,13150-023,"RUA AV 9 DE JULHO, 159",JARDIM BELA VISTA,COSMOPOLIS,SP,3512803,imperiusfuneraria@gmail.com,,019 99648-3489
CLAUDEVIR PEIXE LTDA,CLAUDEVIR PEIXE LTDA,FUNERARIA GRANDES LA,05.585.877/0001-05,277.057.861.112,15530-000,"RUA VITORIO STACHISSINI, 820",CENTRO,COSMORAMA,SP,3512902,escriband@hotmail.com,,017 3836-1114
MUNICIPIO DE CRAVINHOS,MUNICIPIO DE CRAVINHOS,PREF.CRAVINHOS,45.228.319/0001-07,ISENTO,14140-000,"RUA TIRADENTES, 253",CENTRO,CRAVINHOS,SP,3513108,nfe@cravinhos.sp.gov.br,,016 3951-9900
CLINICA DE TANATOPRAXIA E FUNERARIA LIMA,CLINICA DE TANATOPRAXIA E FUNERARIA LIMA FRANCO LTDA,CLINICA DE TANATOPRA,01.713.030/0001-08,ISENTO,73850-000,"RUA 95, SN",SETOR ZONA SUL NOVA,CRISTALINA,GO,5206206,funerariasc4190@hotmail.com,061 99832-8935,061 3612-3690
VALDO DE SOUZA MACIEL 99227177604,VALDO DE SOUZA MACIEL 99227177604,FUNERARIA CRUZILIA,18.373.321/0001-05,002173702.00-09,37445-000,"RUA CORONEL CORNELIO MACIEL, 193",CENTRO,CRUZILIA,MG,3120805,valdosouza0@hotmail.com,035 99918-4020,035 3343-2823
ORGANIZACAO SAO LAZARO DE LUTO LTDA - ME,ORGANIZACAO SAO LAZARO DE LUTO LTDA - ME,,03.442.244/0001-12,ISENTO,11515-000,"AVENIDA HENRY BORDEN, 248",VILA SANTA ROSA,CUBATAO,SP,3513504,acscont@litoral.com.br,013 3323-5386,013 3372-6173
COMPANHIA BRASILEIRA DE SERVICOS FUNER,COMPANHIA BRASILEIRA DE SERVICOS FUNERARIOS LTDA,GRUPO ZELO,27.630.446/0034-14,ISENTO,35790-000,RUA DOMINGOS VIANA 135,CENTRO,CURVELO,MG,3120904,faleconosco@grupozelo.com,,
FUNERAL SANTA FE LTDA,FUNERAL SANTA FE LTDA,FUNERAL SANTA FE,23.567.153/0001-10,286.418.232.112,09911-010,"RUA ARTHUR SAMPAIO MOREIRA, 113",CENTRO,DIADEMA,SP,3513801,funeralsantafe@gmail.com,011 7707-1998,011 4056-1060
FUNERARIA DIVINOPOLIS LTDA,FUNERARIA DIVINOPOLIS LTDA,FUN DIVINOPOLIS,04.371.612/0001-41,2231311820095,35501-638,"RODOVIA DOS BATISTAS, 200",PQ JARDIM CAPITAO S.,DIVINOPOLIS,MG,3122306,clebergontijo2011@hotmail.com,37 9855-9609,037 3212-7575
PREFEITURA MUNICIPAL DE DIVINOPOLIS,PREFEITURA MUNICIPAL DE DIVINOPOLIS,DIVINOPOLIS.,18.291.351/0001-64,ISENTO,35500-008,"RUA PERNAMBUCO, 60",CENTRO,DIVINOPOLIS,MG,3122306,claudiogerencialuto@gmail.com,037 3229-5000,037 3229-6675
FUNERARIA DIVISA NOVA LTDA ME,FUNERARIA DIVISA NOVA LTDA ME,DIVISA NOVA,07.826.049/0001-47,0016308700037,37142-000,"RUA PARANA, 266 A",CENTRO,DIVISA NOVA,MG,3122405,charmsmodasdn@gmail.com,,035 3286-1114
UEMURA E SAMPAIO LTDA,UEMURA E SAMPAIO LTDA,UEMURA,73.737.678/0001-25,28.287.903-0,79800-000,"RUA HILDA BERGO DUARTE, 184",BAIRRO,DOURADOS,MS,5003702,funerariadourados@hotmail.com,,067 3421-6071
FUNERARIA NOVA CANAA LTDA ME,FUNERARIA NOVA CANAA LTDA ME,NOVACANAA,18.078.495/0001-37,ISENTO,13445-272,"RUA MINAS GERAIS, 244",JARDIM AMERICA,ENGENHEIRO COELHO,SP,3515152,paula.simone.funeraria@outlook.com,019 98312-2631,019 3857-2072
FUNERARIA SANTA QUITERIA LTDA,FUNERARIA SANTA QUITERIA LTDA,FUNERARIA SANTA QUIT,48.579.065/0001-60,ISENTO,32800-076,"RUA DOS EXPEDICIONARIOS, 300",CENTRO,ESMERALDAS,MG,3124104,carlos@carloscampelocontabildiade.com.br,,031 3538-1844
FUNERARIA PARQUE DAS ACACIAS LTDA ME,FUNERARIA PARQUE DAS ACACIAS LTDA ME,FUNERARIA SAO DIMAS,01.624.612/0001-18,ISENTO,13990-085,"RUA TEIXEIRA RIOS, 201",CENTRO,ESPIRITO SANTO DO PINHAL,SP,3515186,taniavital@uol.com.br,,019 3651-5889
JONES BRANDINO DOS SANTOS FILHO 40880804,JONES BRANDINO DOS SANTOS FILHO 40880804831,FUNERARIA BRANDINOS,39.363.764/0001-87,746.019.331.114,13857-148,"RUA RUA  ALFREDO LANZI, 30",VILA NOVA ESTIVA,ESTIVA GERBI,SP,3557303,bmcapoioempresarial@yahoo.com.br,,019 97151-0689
ORGANIZACAO SOCIAL DE LUTO VOTUPORANGA L,ORGANIZACAO SOCIAL DE LUTO VOTUPORANGA LTDA ME,ROMA,49.983.166/0003-26,ISENTO,15600-000,"AVENIDA AFONSO CAFARO, 2034",CENTRO,FERNANDOPOLIS,SP,3515509,roma.ac@terra.com.br,,017 3442.6364
COLOMBANO E COLOMBANO FUNERARIA LTDA,COLOMBANO E COLOMBANO FUNERARIA LTDA,EMPRESA FUNERARIA FE,67.457.150/0001-08,304.035.948.110,15600-000,"AVENIDA AFONSO CAFARO, 2555",CORINTO,FERNANDOPOLIS,SP,3515509,renatocolombano@hotmail.com.br,17 3442-1224,17 3442-4822
MAICON TEODORO DOS SANTOS DA SILVA,MAICON TEODORO DOS SANTOS DA SILVA,MAICON TEODORO DOS,49.845.950/0001-06,ISENTO,88064-002,RODOVIA BALDICEO FILOMENO 4350,RIBERIRAO DA ILHA,FLORIANOPOLIS,SC,4205407,,,
PORTAL DO SOL ADMINISTRACAO E SERVICOS F,PORTAL DO SOL ADMINISTRACAO E SERVICOS FUNERARIOS LTDA,PORTAL DO SOL,74.138.470/0001-52,ISENTO,73801-680,"PRACA DA CONCORDIA, 853",SETOR CENTRAL,FORMOSA,GO,5208004,felisminof@hotmail.com,061 9981-1154,061 3631-2033
R R J SERVICOS FUNERARIOS LTDA ME,R R J SERVICOS FUNERARIOS LTDA ME,R.R.J.,05.792.565/0001-72,310.373.985.113,14400-730,"RUA DR JULIO CARDOSO, 2243",CENTRO,FRANCA,SP,3516200,rivapai@hotmail.com,16 98119-0173,016 3723-4141
FUNERARIA FRUTALENSE LTDA,FUNERARIA FRUTALENSE LTDA,FUNERARIA FRUTALENSE,42.968.545/0001-36,0048140700053,38200-000,"PRACA NOSSA SENHORA DA ABADIA, 119",BAIRRO,FRUTAL,MG,3127107,frutalense@frutalense.com.br,,34 3421 0011
RAO ADM DE PLANOS FUNERARIOS E  ASS. FAM,RAO ADM DE PLANOS FUNERARIOS E  ASS. FAMILIAR LTDA,MICHELI,48.266.324/0001-00,ISENTO,15300-000,"AV PLINIO RIBEIRO DO VAL, 1110",CENTRO,GENERAL SALGADO,SP,3516903,alexandrerao@hotmail.com,17 99623-3584,17 3832-3097
FLOR DE LIS SERVICOS POSTUMOS LTDA,FLOR DE LIS SERVICOS POSTUMOS LTDA,PAX SILVA,01.439.579/0001-56,ISENTO,74070-100,"RUA 17A, 1255",SET AEROPORTO,GOIANIA,GO,5208707,financeiro@paxsilva.com.br,,062 99628-0331
FENIX ADMINISTRACAO DE SERVICOS LTDA,FENIX ADMINISTRACAO DE SERVICOS LTDA,FENIX ADMINISTRACAO,01.489.806/0001-58,ISENTO,74465-539,"RUA 5, 576",ST CENTRAL QD 27 LT,GOIANIA,GO,5208707,goiania@funerariafenix.com.br,062 98559-6368,062 3224-8686
LEDA MARIA DOS SANTOS EIRELLI,LEDA MARIA DOS SANTOS EIRELLI,PAX DO BRASIL,15.966.476/0001-59,102250405,76600-000,"RUA 15 DE NOVEMBRO, 49",CENTRO,GOIAS,GO,5208905,leda.ls21@gmail.com,,062 99630-9791
JULIANA ANDRIO MENDES DE CARVALHO,JULIANA ANDRIO MENDES DE CARVALHO,JM COMERCIO,50.491.739/0001-11,127885184117,07141-435,"RUA ERENITE JOAQUIM DE OLIVEIRA, 129",JARDIM BEIRUTE,GUARULHOS,SP,3518800,ednilson_m13@hotmail.com,,011 98111-3217
G C ASSISTENCIA FUNERARIA LTDA,G C ASSISTENCIA FUNERARIA LTDA,G C ASSISTENCIA FUNE,36.998.252/0001-07,ISENTO,07124-000,"RUA AV BENJAMIN HARRIS HUNNICUTT, 1408",PORTAL DOS GRAMADOS,GUARULHOS,SP,3518800,gcfuneraria@gmail.com,,011 94017-5346
GENILSON GERMANO DA SILVA 30758392800,GENILSON GERMANO DA SILVA 30758392800,GHS PRIME COMERCIO D,32.232.079/0001-72,796.822.591.110,07054-040,"AV FAUSTINO RAMALHO, 626",JARDIM VILA GALVAO,GUARULHOS,SP,3518800,gilvan@contfy.com,,11 95806-1644
ONOKAWA GESTAO DE PROCESSOS FUNERARIOS L,ONOKAWA GESTAO DE PROCESSOS FUNERARIOS LTDA,ONOKAWA SERVICOS FUN,21.131.781/0001-23,796.266.778.112,07013-000,"AV AV ANIELLO PRATICI, 412",JARDIM SANTA FRANCIS,GUARULHOS,SP,3518800,artur.onodera@gmail.com,,011 95945-4669
MUNICIPIO DE GUARULHOS,MUNICIPIO DE GUARULHOS,PREF.M.GUARULHOS,46.319.000/0001-50,ISENTO,07196-220,"AV BOM CLIMA, 90",JD BOM CLIMA,GUARULHOS,SP,3518800,fernandoalonso@guarulhos.sp.gov.br,011 2423-8617,011 2468-7211
COMPANHIA BRASILEIRA DE SERVICOS FUNERAR,COMPANHIA BRASILEIRA DE SERVICOS FUNERARIOS LTDA,,27.630.446/0291-38,ISENTO,13184-420,"RUA LUIZ CAMILO DE CAMARGO, 1350",LOTEAMENTO  REMANSO,HORTOLANDIA,SP,3519071,regulatorio@grupozelo.com,,031 3314-8000
ORGANIZACAO DE SERVICOS SOCIAL DE LUTO S,ORGANIZACAO DE SERVICOS SOCIAL DE LUTO SAO JOSE LTDA,FUNERARIA SAO JOSE,41.717.026/0001-32,295.133.137.00-41,38950-000,"RUA ELPIDIO JOSE DOS SANTOS, 71 A",CENTRO,IBIA,MG,3129509,saojose.funeraria@yahoo.com.br,,034 3631-1554
PAZ E VIDA ASSISTENCIAL LTDA,PAZ E VIDA ASSISTENCIAL LTDA,ALPHA TANATO,18.789.086/0001-49,0025811380038,32900-000,"RUA CRISTIANO MACHADO, 802",SENHORA DE FATIMA,IGARAPE,MG,3130101,pazevidaassistencial@gmail.com,,031 3534-4116
IRMA CLISEIDE DE SOUZA LTDA,IRMA CLISEIDE DE SOUZA LTDA,SERENITY ASSISTENCIA,15.390.539/0001-71,350.007.224.111,12350-000,"RUA EUCLIDES PRIANTI CHAVES, 250",CENTRO,IGARATA,SP,3520202,wlcontabilidadejac@terra.com.br,11 91862-5539,(12) 3951-1166
GLORIA MARQUES DE AGUIAR NOBREGA ME,GLORIA MARQUES DE AGUIAR NOBREGA ME,FUNERARIA BOM JESUS,51.066.074/0001-61,351.003.589.117,11920-000,"RUA TENENTE CORONEL ZACARIAS, 103",CENTRO,IGUAPE,SP,3520301,bomjesusigp2020@gmail.com,,013 3841-1271
SESOMA SERVICO DE APOIO FAMILIAR MATTION,SESOMA SERVICO DE APOIO FAMILIAR MATTIONI SS LTDA,FUNERARIA MATTIONI,49.452.113/0001-17,ISENTO,13330-210,"RUA PEDRO GONCALVES, 855",CENTRO,INDAIATUBA,SP,3520509,funerariamattioni@terra.com.br,,019 3875-9049
SONIA DALVA DE FREITAS ROSA,SONIA DALVA DE FREITAS ROSA,FUNERARIA J.K.,02.626.702/0001-00,309.761.190.00-66,35330-000,"RUA OSVALDO SILVA ARAUJO, 274",CENTRO,INHAPIM,MG,3130903,djjusceliomarcos@gmail.com,,033 3315-1693
COMPANHIA BRASILEIRA DE SERVICOS FUNERAR,COMPANHIA BRASILEIRA DE SERVICOS FUNERARIOS LTDA,GRUPO ZELO,27.630.446/0106-23,ISENTO,35160-010,"RUA CLAUDIO MOURA, 01",CENTRO,IPATINGA,MG,3131307,regulatorio@grupozelo.com,,031 3314-8000
JAIR VOLTAN 02458428886,JAIR VOLTAN 02458428886,JAIR VOLTAN,40.602.901/0001-78,0039552400040,37588-000,"AVENIDA JK DE OLIVEIRA, 555",CENTRO,IPUIUNA,MG,3131505,cicerocontabilidadecanaa@yahoo.com.br,,035 99960-5395
FUNERARIA PAX DE ITABIRITO LTDA,FUNERARIA PAX DE ITABIRITO LTDA,FUNERARIA PAX DE ITA,45.880.162/0001-08,ISENTO,35452-046,"RUA SETE DE SETEMBRO, 128",BOA VIAGEM,ITABIRITO,MG,3131901,contabilidadehelenicemaia@gmail.com,,(31) 9745-5881
COMPANHIA BRASILEIRA DE SERVICOS FUNERAR,COMPANHIA BRASILEIRA DE SERVICOS FUNERARIOS LTDA,ZELO,27.630.446/0088-07,ISENTO,35452-034,"RUA ANTONIO CARLOS, 355",BOA VIAGEM,ITABIRITO,MG,3131901,regulatorio@grupozelo.com,,0031 3519-3395
TIAGO P. DOS REIS FUNERARIA LTDA,TIAGO P. DOS REIS FUNERARIA LTDA,CENTRAL PAX FUNERARI,14.089.829/0001-17,15120550,23810-505,"AVENIDA NILO PECANHA, 66",CENTRO,ITAGUAI,RJ,3302007,centralpaxassistencia@gmail.com,,021 3952-6643
EDNEI ANTONIO LEME ITAI,EDNEI ANTONIO LEME ITAI,FUNERARIA DOIS IRMAO,05.009.991/0001-97,366.070.941.110,18730-000,"RUA JOSE SILVEIRA MELO, 1276",CENTRO,ITAI,SP,3521804,fundoisirmaos02@hotmail.com,014 3761-1571,014 3761-1785
EMPRESA FUNERARIA CAMARGO LTDA,EMPRESA FUNERARIA CAMARGO LTDA,CAMARGO,49.697.527/0001-06,371.002.374.110,18200-280,"RUA SAO VICENTE DE PAULA, 155",CENTRO,ITAPETININGA,SP,3522307,martins@planocamargo.com.br,,015 3275-7446
SIONARIA COSME DA CRUZ DE OLIVEIRA 07010,SIONARIA COSME DA CRUZ DE OLIVEIRA 07010981558,NOVA PAX,45.456.174/0001-00,373.327.094.112,06655-250,"RUA R SABIA, 34",JARDIM BRIQUET,ITAPEVI,SP,3522505,sionariaoliveira61@gmail.com,,011 97681-5412
EMPRESA FUNERARIA SAO LUIZ ITAPIRA LTDA-,EMPRESA FUNERARIA SAO LUIZ ITAPIRA LTDA-ME,EMPRESA FUNERARIA SA,48.620.769/0001-39,374.002.871.114,13974-340,"RUA RUI BARBOSA, 69",CENTRO,ITAPIRA,SP,3522604,vancslo@yahoo.com.br,,019 3863-0605
FABIO MALHEIROS ORDINE,FABIO MALHEIROS ORDINE,FUNERARIA ORDINE ASS,44.222.176/0001-63,ISENTO,13250-030,"RUA ANTONIO ALVES, 220",CENTRO,ITATIBA,SP,3523404,ita.escritorio@bol.com.br,11 97390-9194,11 4538-2842
FUNERARIA OLVP LTDA-ME,FUNERARIA OLVP LTDA-ME,ORGANIZACAO DE LUTO,02.142.893/0001-35,382.054.821.114,13253-000,"AVENIDA DA SAUDADE, 34",CENTRO,ITATIBA,SP,3523404,olvpvarzea@gmail.com,011 9907-7028,011 4534.2100
FUNERARIA NOSSA SENHORA APARECIDA DE ITA,FUNERARIA NOSSA SENHORA APARECIDA DE ITA,,20.893.863/0003-04,ISENTO,35681-327,"AVENIDA SAO JOAO, 3539",SAO JUDAS TADEU,ITAUNA,MG,3133808,sotec@soteccontabilidade.com.br,,(37) 3241-1256
MARIA HELENA RIZZATTO AFONSO,MARIA HELENA RIZZATTO AFONSO,GRUPO SANTA FE FUNER,51.018.156/0001-30,384.031.590.110,13530-000,"AV AV DOIS, 10",CENTRO,ITIRAPINA,SP,3523602,nathalia.ca@hotmail.com,,19 99688-0559
LOURIVAL DOS SANTOS PIRES JUNIOR FUNERAR,LOURIVAL DOS SANTOS PIRES JUNIOR FUNERARIA,FUNERARIA SAO JUDAS,60.432.309/0001-82,384.004.760.115,13530-000,"AVENIDA QUATRO, 282",CENTRO,ITIRAPINA,SP,3523602,funerariasaojudastadeu@gmail.com,019 99688-2178,019 3575-1121
EMPRESA FUNERARIA BARBIERI DE ITU LTDA E,EMPRESA FUNERARIA BARBIERI DE ITU LTDA EPP,FUNERARIA BARBIERI,50.228.121/0001-63,ISENTO,13311-170,"ALAMEDA ALICE, 9",JD ALBERTO GOMES,ITU,SP,3523909,edson@commais.com.br,,011 4022-2024
CONVENIOS E PLANOS ASSISTENCIAIS ROSA SA,CONVENIOS E PLANOS ASSISTENCIAIS ROSA SANTOS LTDA,,18.249.164/0001-12,388.114.055.112,13295-000,"RUA ANTONIO POLI RUA ANTONIO POLI, 342",JD SO VICENTE,ITUPEVA,SP,3524006,ilsonolivirasantos2020@gmail.com,,011 4525-0303
BERLINGIERI E CIA LTDA ME,BERLINGIERI E CIA LTDA ME,FUNERARIA SANTA ISAB,50.381.037/0001-85,ISENTO,14870-115,"AVENIDA BENTO VIEIRA, 211",CENTRO,JABOTICABAL,SP,3524303,spresotti@uol.com.br,016 3202-0850,016 3202-0950
PAX BRASIL SERVICOS FUNERARIOS LTDA,PAX BRASIL SERVICOS FUNERARIOS LTDA,PAX BRASIL FUNERARIA,52.158.922/0001-25,398.268.339.116,06602-370,"R NICOLAU MAYEVSKY, 75",JARDIM LINDOMAR,JANDIRA,SP,3525003,resedaimperio@gmail.com,11 96276-6979,(11) 6838-5580
FUNERARIA XIMENES ASSISTENCIA E AUXILIO,FUNERARIA XIMENES ASSISTENCIA E AUXILIO FUNERAL LTDA,MARCELO XIMENES SILV,18.523.320/0001-91,398.055.060.118,06604-160,"RUA DOUTOR PAIVA MEIRA, 106",JARDIM MASE,JANDIRA,SP,3525003,servicofuneral@gmail.com,,11 7430-9476
ALESSANDRO HENRIQUE DUTRA 17949554886,ALESSANDRO HENRIQUE DUTRA 17949554886,,20.471.127/0001-04,398.240.249.110,06602-150,"RUA JOAO DEL MOURA, 4",VILA CECILIA,JANDIRA,SP,3525003,alessandro-dutra@outlook.com,,011 97294-7882
FUNERARIA PARAISO JANDIRA EIRELI,FUNERARIA PARAISO JANDIRA EIRELI,FUNERARIA PARAISO,06.249.766/0001-90,ISENTO,06600-170,"AVENIDA ALBERTO RUFFOLO, 236",VILA ANITA COSTA,JANDIRA,SP,3525003,funerariaparaiso@uol.com.br,,011 3903-8806
AMPAF - AMPARO E ASSISTENCIA A FAMILIA -,AMPAF - AMPARO E ASSISTENCIA A FAMILIA - PLANOS DE AUXILIO FUNERAL LTDA,PREVER CAMPOS ELISEO,10.315.449/0001-00,ISENTO,14680-000,ROD CANDIDO PORTINARI S/N,ZONA RURAL,JARDINOPOLIS,SP,3525102,mara@familiaprever.com.br,016 99301-5942,016 3434-1000
SOCIAL DE LUTO ALFAIX LTDA,SOCIAL DE LUTO ALFAIX LTDA,FUNERARIA ALFAIX,74.184.524/0001-16,10.262.068-7,75800-017,"AVENIDA DEP COSTA LIMA, 830 A",CENTRO,JATAI,GO,5211909,carlosalbertoalfaix@hotmail.com,,064 3631-2746
PAX FUNERARIA SANTA FE LTDA,PAX FUNERARIA SANTA FE LTDA,PAX FUNERARIA SANTA,02.653.525/0001-51,ISENTO,75805-085,"RUA PADRE FEIJO, 29",QD B LT D SETOR ANTE,JATAI,GO,5211909,pax.santafe@outlook.com,,064 3631-3879
FUNERARIA BOMFIM JOAO MONLEVADE LTDA,FUNERARIA BOMFIM JOAO MONLEVADE LTDA,FUNERARIA BOMFIM,00.702.987/0001-96,003288113.00-11,35930-478,"AVENIDA GENTIL BICALHO, 428",CARNEIRINHOS,JOAO MONLEVADE,MG,3136207,real.pax@bol.com.br,,031 3851-3113
FUNERARIA SAGRADOS CORACOES,FUNERARIA SAGRADOS CORACOES LTDA,SAGRADOS CORACOES,58.087.953/0001-19,420.231.660.114,12607-020,"AV CAPITAO MESSIAS RIBEIRO, 10",OLARIA,LORENA,SP,3527207,agenciafunerariasc.lorena@gmail.com,,(12) 3152-7543
PAROTHEFON - COMERCIO DE URNAS MORTUARIA,"PAROTHEFON - COMERCIO DE URNAS MORTUARIAS, VELORIO E FLORICULTURA LTDA",,08.247.359/0008-46,420.191.037.119,12600-100,"RUA RUA DOM BOSCO, 632",CENTRO,LORENA,SP,3527207,suportesantaclaracristiane@hotmail.com,,12 3144-0242
BOM PASTOR JI SERVICOS FUNERARIOS LTDA,BOM PASTOR JI SERVICOS FUNERARIOS LTDA,FUNERARIA BOM PASTOR,30.666.557/0001-27,ISENTO,72855-076,"RUA Q 76, SN",PARQUE INDUSTRIAL MI,LUZIANIA,GO,5212501,bompastorjiadm@gmail.com,,061 99171-8063
J R B COMERCIO DE ARTIGOS FUNERARIOS LTD,J R B COMERCIO DE ARTIGOS FUNERARIOS LTDA,FUNERARIA BOA VIAGEM,39.226.311/0002-90,ISENTO,27913-060,"RUA DR JOAO CUPERTINO, 311",CENTRO,MACAE,RJ,3302403,financeiro@planoboaviagem.com.br,022 2762-9508,022 2737-6027
ROMEU DE OLIVEIRA MIRANDA - CPF 38512475,ROMEU DE OLIVEIRA MIRANDA - CPF 38512475668,FUNERARIA SAO LUIZ,25.290.263/0001-03,ISENTO,35420-000,"RUA R RAIMUNDO GAMARANO, 133",SAO PEDRO,MARIANA,MG,3140001,mirandam@uai.com.br,031 98302-7223,031 3557-1924
GENESIS NEGOCIOS E SERVICOS LTDA,GENESIS NEGOCIOS E SERVICOS LTDA,GENESIS NEGOCIOS E S,53.274.781/0001-79,442.717.398-117,09340-440,"RUA CATANDUVA , 90",JARDIM PEDROSO,MAUA,SP,3529401,triagem@copanabc.com.br,,11 4717 3297
PREFEITURA MUNICIPAL DE MAUA,PREFEITURA MUNICIPAL DE MAUA,PREF.MAUA,46.522.959/0001-98,ISENTO,09371-900,"AVENIDA JOAO RAMALHO, 205",CENTRO,MAUA,SP,3529401,compras.ssu@maua.sp.gov.br,011 4512-7828,011 4514-7399
ROGERIO COELHO DE ALBUQUERQUE 0122670566,ROGERIO COELHO DE ALBUQUERQUE 01226705669,ROGERIO COELHO DE AL,47.491.969/0001-76,004412882.00-91,36790-000,"RUA ARTUR BERNARDES, 208",CENTRO,MIRAI,MG,3142205,santoantoniofuneraria@hotmaill.com,,032 98426-0885
FUNERARIA MOCOCA LTDA,FUNERARIA MOCOCA LTDA,FUNERARIA MOCOCA,01.170.037/0001-20,ISENTO,13730-240,"AVENIDA DA SAUDADE, 1460",VILA MARIANA,MOCOCA,SP,3530508,funerariamococa@yahoo.com.br,19 99337-1339,019 3665-3335
CLEYTON YUKIO CANUTO FUGIMOTO,CLEYTON YUKIO CANUTO FUGIMOTO,ASSISTENCIA FUNERARI,15.268.951/0001-13,454.761.235.111,08765-020,"RUA VIRGINIA EUGENIA G. AUERBACH, 10",TAIACUPEBA,MOGI DAS CRUZES,SP,3530607,cleitonycanuto@gmail.com,,(11) 3023-4042
SILVIA MARIA CANDIDO LTDA,SILVIA MARIA CANDIDO LTDA,,66.952.292/0001-70,455.330.770.117,13840-103,"RUA NUNES PEDROSA, 229",LOTE,MOGI GUACU,SP,3530706,,,(19) 9771-0041
G C DE FREITAS GONCALVES ME,G C DE FREITAS GONCALVES ME,FUNERARIA MOGIANA,08.549.699/0001-55,456.153.367.112,13800-033,"RUA PADRE ROQUE, 1227",CENTRO,MOGI MIRIM,SP,3530805,funerariamogiana@hotmail.com,,019 3806-2215
PORTIOLI R.R ASSISTENCIA FUNERAL LTDA,PORTIOLI R.R ASSISTENCIA FUNERAL LTDA,PORTIOLI R.R ASSISTA,51.361.202/0001-08,456.266.393.116,13800-000,"R PADRE ROQUE,139",CENTRO,MOGI MIRIM,SP,3530805,funerariaportioli@hotmail.com.br,,019 9666-9370
ORGANIZACAO FUNERARIA SANTA IZILDINHA,ORGANIZACAO FUNERARIA SANTA IZILDINHA LTDA,SANTA IZILDINHA,52.690.336/0001-27,461.116.085.114,15910-000,"RUA JEREMIAS DE PAULA EDUARDO, 671",CENTRO,MONTE ALTO,SP,3531308,funerariasantaizildinha@montealto.net,016 3242.2121,016 3241-1900
CLAUDOMIRO PINHEIRO,CLAUDOMIRO PINHEIRO,EMPRESA FUNERARIA PA,08.712.120/0001-23,001037047.00-79,38500-000,"AVENIDA DONA CLARA, 632",CENTRO,MONTE CARMELO,MG,3143104,paxcarmelitana@live.com,,034 3842-8983
EMPRESA FUNERARIA MONTE MOR LTDA,EMPRESA FUNERARIA MONTE MOR LTDA,EMPRESA FUNERARIA MO,56.260.326/0001-02,ISENTO,13190-090,"RUA SALOMAO HADAD BARUQUE, 400",CENTRO,MONTE MOR,SP,3531803,financeiro@planogrupounidas.com.br,,(19) 3491-5040
GSM ASSISTENCIA FUNERAL LTDA ME,GSM ASSISTENCIA FUNERAL LTDA ME,GSM,05.070.361/0001-28,468.009.284.119,13260-000,"RUA VIRGILIA ALVES CARVALHO PINTO, 149",CASA 3  - VILA NOVA,MORUNGABA,SP,3532009,gsplanos@hotmail.com,,011 4014-6559
FENIX SERVICOS POSTUMOS LTDA,FENIX SERVICOS POSTUMOS LTDA,FENIX FUNERARIA,35.099.853/0001-07,200213849,75460-000,"AV AMELIA LOPES DE OLIVEIRA, SN , QUADRA 1 LOTE 17",PARQUE DAS AMERICAS,NEROPOLIS,GO,5214507,atendimento@meuescritoriocontabil.com,,062 9876-7059
FUNERARIA J R LTDA,FUNERARIA J R LTDA,FUNERARIA FLORESCER,48.447.766/0001-45,ISENTO,26530-190,"RUA JOAQUINA DE ALBUQUERQUE, 51",NOVA CIDADE,NILOPOLIS,RJ,3303203,jorgepauloriopax@gmail.com,,(21) 7551-6759
ASSISTENCIA FUNERARIA SAFIR NITEROI LTDA,ASSISTENCIA FUNERARIA SAFIR NITEROI LTDA,ASSISTENCIA FUNERARI,57.503.700/0001-16,15.225.42-4,24110-256,"R GENERAL CASTRIOTO, 344",BARRETO,NITEROI,RJ,3303302,sandro-bacellar@hotmail.com,,(21)98692-4890
FLORES DA CAMELIA DE NITEROI E SERV FUN,FLORES DA CAMELIA DE NITEROI E SERVICOS FUNERARIOS LTDA,FLORES DA CAMELIA DE,31.302.342/0001-90,77.882.35-9,24110-256,RUA GENERAL CASTRIOTO -426,NITEROI,NITEROI,RJ,3303302,,,
FUNERARIA E FLORICULTURA AMORIM LTDA,FUNERARIA E FLORICULTURA AMORIM LTDA,FLORICULTURA AMORIM,23.027.676/0001-74,86.993.92-9,24110-256,"RUA GENERAL CASTRIOTO, 380",BARRETO,NITEROI,RJ,3303302,ralfradique@yahoo.com.br,21 97975-3459,021 2625-7966
FUNERARIA ALVES LTDA,FUNERARIA ALVES LTDA,,25.401.894/0002-33,ISENTO,35920-000,"RUA OSCAR DE ARAUJO, 99",CENTENARIO,NOVA ERA,MG,3144706,contabilidadeduarte@globo.com,031 99636-1213,031 3861-1857
FUNERARIA SAO SALVADOR LTDA,FUNERARIA SAO SALVADOR LTDA,SAO SALVADOR,28.669.786/0006-68,ISENTO,26041-190,"RUA SOROCABA, 99",CENTRO,NOVA IGUACU,RJ,3303500,funerariasaosalvador@hotmail.com,,021 2767-1268
SERVICO FUNERARIO DE NOVA LIMA LTDA,SERVICO FUNERARIO DE NOVA LIMA LTDA,FUN NOVA LIMA,02.954.241/0001-03,4482923350075,34000-000,"RUA R DOUTOR ANIBAL DE MORAES QUINTAO, 116",CENTRO,NOVA LIMA,MG,3144805,patioliveiranl@hotmail.com,,031 3541-1599
FUNERARIA COSTA E LIMA LTDA,FUNERARIA COSTA E LIMA LTDA,FUNERARIA COSTA E LI,55.662.941/0001-82,482.160.942.115,13385-752,"RUA RUA LEONEL GUEDES, 289",JARDIM CAMPOS VERDES,NOVA ODESSA,SP,3533403,funerariacostaelima@gmail.com,,011 99541-0670
FUNERARIA ELXADAIA EIRELI,FUNERARIA ELXADAIA EIRELI,FUNERARIA ELXADAI,28.220.868/0001-16,482.069.661.113,13460-000,"RUA ACHIETA, 61",CENTRO,NOVA ODESSA,SP,3533403,contato.funerariaelshaday@gmail.com,,019 3466-3767
R V DA SILVA O GOIANO,R V DA SILVA O GOIANO,FUNERARIA NOVO BRASI,02.065.043/0001-80,ISENTO,76285-000,"RUA DOM ABEL, S/N",CENTRO,NOVO BRASIL,GO,5215207,contmore@hotmail.com,62 98631-0446,62 3381-1418
PAX BRASILIA ASSISTENCIA FUNERAL LTDA,PAX BRASILIA ASSISTENCIA FUNERAL LTDA,FUNERARIAS PAX BRASI,35.502.852/0001-61,ISENTO,72860-483,"RUA Q QUADRA 520, S N",PARQUE ESTRELA DALVA,NOVO GAMA,GO,5215231,funerariapaxbrasilia@gmail.com,,061 99297-6882
PAX ASSISTENCIA POSTUMAS LTDA,PAX ASSISTENCIA POSTUMAS LTDA,FUNERARIA PAX PREVER,17.312.533/0001-01,10.561.312-6,72860-003,"AVENIDA CENTRAL, SN",NUCLEO HABITACIONAL,NOVO GAMA,GO,5215231,mncontabilidade@yahoo.com.br,061 9168-1404,061 3384-5326
BONINI E DAUD OLIMPIA LTDA - ME,BONINI E DAUD OLIMPIA LTDA - ME,ANTONIETA,45.260.916/0001-19,ISENTO,15400-000,"RUA DAVID DE OLIVEIRA, 906",CENTRO,OLIMPIA,SP,3533908,migueladaud1@gmail.com,17 99791-2150,17 3281-1173
PREFEITURA DO MUNICIPIO DE OSASCO,PREFEITURA DO MUNICIPIO DE OSASCO,PREF.OSASCO,46.523.171/0001-04,ISENTO,06023-901,"AVENIDA BUSSOCABA, 300",VILA CAMPESINA,OSASCO,SP,3534401,edineris.sso@osasco.sp.gov.br,011 3652.9226,011 3652-9000
FUNERARIA SAO JORGE LTDA,FUNERARIA SAO JORGE LTDA,FUNERARIA SAO JORGE,16.548.604/0012-60,ISENTO,36420-000,"R SANTO ANTONIO, 1404",CENTRO,OURO BRANCO,MG,3145901,lucianotr7@oi.com.br,,031 3769-1803
FUNERARIA SANTA TEREZINHA LTDA - ME,FUNERARIA SANTA TEREZINHA LTDA - ME,FUNERARIA SANTA TERE,49.855.877/0001-53,501.001.636.112,19970-000,"RUA JOAO MOREIRA DA SILVA, 50",CENTRO,PALMITAL,SP,3535309,funerariasantaterezinha2008@hotmail.com,,018 3351-1034
CASA FUNERARIA LYRIO,CASA FUNERARIA LYRIO,CASA FUNERARIA LYRIO,27.299.759/0001-73,80.783.46-9,25850-000,RUA TIRADENTES 138,CENTRO,PARAIBA DO SUL,RJ,3303708,,,(24)98118-0650
E G MENDONCA FUNERARIA,E G MENDONCA FUNERARIA,FUNERARIA PARAIBUNA,03.037.420/0001-30,504.066.491-113,12260-000,"RUA MAJOR SOARES, 174",CENTRO,PARAIBUNA,SP,3535606,funernovavida@yahoo.com.br,012 3974-1055,012 3974-0174
LAR SAO VICENTE DE PAULO DE PASSOS,LAR SAO VICENTE DE PAULO DE PASSOS,LAR SAO VICENTE DE P,23.280.084/0001-60,ISENTO,37902-026,"AV ARLINDO FIGUEIREDO, 3302",SAO FRANCISCO,PASSOS,MG,3147907,gerenciafuneraria@larsaovicentedepassos.,,035 3521-0403
FATIMA COSTA SOARES SERVICOS ASSISTENCIA,FATIMA COSTA SOARES SERVICOS ASSISTENCIAIS E FUNERARIOS LTDA,FUNERARIA FATIMA SOA,55.970.186/0001-01,513.245.039.111,13140-291,"RUA RUA SANTA CRUZ, 233",NOVA PAULINIA,PAULINIA,SP,3536505,funerariafatimasoares@hotmail.com,,019 98148-2660
M.J. VEDOVELLO,M.J. VEDOVELLO,FUNERARIA VEDOVELLO,28.655.404/0001-32,ISENTO,13140-311,"RUA NOSSA SENHORA DA CONCEICAO, 225",NOVA PAULINIA,PAULINIA,SP,3536505,contato@alvoradacon.com.br,(019) 3884-12,19 9416-9797
FUNESP SERVICO FUNERARIO E PLANO DE ASSI,FUNESP SERVICO FUNERARIO E PLANO DE ASSISTENCIA LTDA,FUNERARIA SAO PAULO,61.349.098/0001-81,524.015.243.118,11750-000,"RUA CAETANO MORATORE, 104",CENTRO,PERUIBE,SP,3537602,funesp.adm.peruibe@hotmail.com,013 3455.7408,013 3455-3985
FUNERARIA CASA MUSSEL LTDA.,FUNERARIA CASA MUSSEL LTDA.,,30.649.867/0001-33,ISENTO,25680-003,"RUA PAULINO AFONSO, 327",CENTRO,PETROPOLIS,RJ,3303906,ruyligeirojr@yahoo.com.br,,024 3243-0483
SERVICO FUNERARIO DE ITAIPAVA LTDA,SERVICO FUNERARIO DE ITAIPAVA LTDA,ITAIPAVA,31.538.309/0001-63,ISENTO,25730-735,"ESTRADA UNIAO E INDUSTRIA, 14429",BAIRRO ITAIPAVA,PETROPOLIS,RJ,3303906,ruyligeirojr@yahoo.com.br,,024 3243-0483
FUNERARIA OSWALDO CRUZ LTDA,FUNERARIA OSWALDO CRUZ LTDA,FUNERARIA OSWALDO CR,29.671.468/0001-90,ISENTO,25685-180,"PRACA OSWALDO CRUZ, 36",CENTRO,PETROPOLIS,RJ,3303906,ruyligeirojr@yahoo.com.br,,024 2243-0483
ERICK MARTINS DE CAMARGO  39772746867,ERICK MARTINS DE CAMARGO  39772746867,,45.513.135/0001-99,526.143.337.119,18170-000,"RUA RUA QUINTINO BOCAIUVA, 11",CENTRO,PIEDADE,SP,3537800,ceuservicosfunerarios@gmail.com,,015 99850-1771
ORGANIZACAO ASSISTENCIAL DE LUTO SANTO E,ORGANIZACAO ASSISTENCIAL DE LUTO SANTO EXPEDITO LTDA,ORGANIZACAO SANTO EX,05.162.260/0001-87,ISENTO,12410-040,"RUA DR FREDERICO MACHADO, 82",CENTRO,PINDAMONHANGABA,SP,3538006,tripinda@hotmail.com,,012 3645-3340
NILTON CESAR VIEIRA PINDAMONHANGABA,NILTON CESAR VIEIRA PINDAMONHANGABA,SESOLUPI,01.946.584/0001-55,ISENTO,12410-050,"RUA MAJOR JOSE DOS SANTOS MOREIRA, 703",SAO BENEDITO,PINDAMONHANGABA,SP,3538006,funerariasesolupi@terra.com.br,12 99745-0969,012 3642-3954
EMPRESA FUNERARIA PIRAJUENSE LTDA ME,EMPRESA FUNERARIA PIRAJUENSE LTDA ME,,49.115.694/0001-00,537.005.687.114,18800-000,"RUA JOAO HAILER, 500",CENTRO,PIRAJU,SP,3538808,funeraria_pirajuense@hotmail.com,,014 3351-1324
RONE DE PAIVA FERNANDES,RONE DE PAIVA FERNANDES,FUNERARIA Q-LUZ,09.123.536/0001-79,001110858.00-76,36480-000,"AV FLORIANO PEIXOTO MACIEL, 64",CENTRO,PIRANGA,MG,3150802,cidreia@uai.com.br,,031 99983-5858
FUNERARIA ALVORADA LTDA - ME,FUNERARIA ALVORADA LTDA - ME,FUNERARIA ALVORADA,05.523.319/0001-15,540.008.239.114,06550-000,"RUA CONEGO HENRIQUE VAN KASTEREN, 190",VILA NOVA,PIRAPORA DO BOM JESUS,SP,3539103,funerariaparnaiba@hotmail.com,011 99130-8729,011 4705-8781
FUNERARIA LEBEIS E LEBEIS LTDA - ME,FUNERARIA LEBEIS E LEBEIS LTDA - ME,ORGANIZACAO DE LUTO,53.573.911/0001-74,ISENTO,13630-080,"RUA DA SAUDADE, 1215",CENTRO,PIRASSUNUNGA,SP,3539301,funerarialebeis@hotmail.com,019 3561-3764,019 3561-3987
OSMAR DE SANTANA MACEDO FUNERARIA,OSMAR DE SANTANA MACEDO FUNERARIA,FUNERARIA GIRASSOL,35.496.326/0001-36,546.193.890.118,08557-010,"PC JOSE GUIDA, 78",VILA ACOREANA,POA,SP,3539806,federalconvenios@gmail.com,,011 2037-1120
JOAO ALVES DA SILVA 51094363987,JOAO ALVES DA SILVA 51094363987,FUNERARIA SAO JOAO,45.759.053/0001-29,ISENTO,37757-000,"PRACA PC TANCREDO NEVES, 360",CENTRO,POCO FUNDO,MG,3151701,enfoc@pontt.com.br,,035 99195-5644
JOAQUIM ELOIR PEREIRA,JOAQUIM ELOIR PEREIRA,ELOIR PEREIR,19.866.110/0001-69,517918156.00-73,37757-000,"AV DR. LELIO DE ALMEIDA, 373",CENTRO,POCO FUNDO,MG,3151701,eloir54pereira@hotmail.com,,035 99911-1977
PREFEITURA MUNICIPAL DE POCOS DE CALDAS,PREFEITURA MUNICIPAL DE POCOS DE CALDAS,PREF.POCOS,18.629.840/0001-83,ISENTO,37701-013,"AVENIDA FRANCISCO SALLES, 343",CENTRO,POCOS DE CALDAS,MG,3151800,funerariampocosdecaldas@gmail.com,035 36975076,035 3697-5000
COMPANHIA BRASILEIRA DE SERVICOS FUNERAR,COMPANHIA BRASILEIRA DE SERVICOS FUNERARIOS LTDA,GRUPO ZELO,27.630.446/0215-87,ISENTO,35430-004,"RUA DOUTOR LEONARDO, 85",CENTRO,PONTE NOVA,MG,3152105,regulatorio@grupozelo.com,,031 3314-8000
EMPRESA FUNERARIA NOVA PORTO FELIZ LTDA,EMPRESA FUNERARIA NOVA PORTO FELIZ LTDA,FUNERARIA NOVA PORTO,03.704.271/0001-16,ISENTO,18540-073,"RUA DOUTOR ADHEMAR DE BARROS, 192",CENTRO,PORTO FELIZ,SP,3540606,sistema.cont@uol.com.br,,(11) 4013-9191
RUBENS BURIM FILHO ME,RUBENS BURIM FILHO ME,RUBENS BURIM,54.826.920/0001-92,ISENTO,13660-000,"RUA LUIZ GAMA, 368",CENTRO,PORTO FERREIRA,SP,3540705,mspirondi1@gmail.com,,019 3581-3274
PORTO REAL FUNERARIA E CAPELA LTDA,PORTO REAL FUNERARIA E CAPELA LTDA,FUNERARIA E CAPELA P,08.223.260/0001-38,ISENTO,27570-000,"AVENIDA GERALDO RIBAS, 1757",CENTRO,PORTO REAL,RJ,3304110,viviane.funerariaportoreal@gmail.com,,024 99924-9499
ORGANIZACAO SOCIAL DE LUTO PRADOPOLIS LT,ORGANIZACAO SOCIAL DE LUTO PRADOPOLIS LTDA,,03.530.477/0001-77,557.006.146.115,14850-000,"RUA PRESIDENTE VARGAS, 86",CENTRO,PRADOPOLIS,SP,3540903,funerariapradopolis@gmail.com,,16 3981-1260
FUNERARIA ARACA LTDA ME,FUNERARIA ARACA LTDA ME,ARACA.,00.003.119/0001-18,561.019.860.114,19470-000,"RUA JOAO PESSOA, 14-52",VILA MARIA,PRESIDENTE EPITACIO,SP,3541307,funerariaaraca@yahoo.com.br,,018 3281-2440
R. CZEZACKI & CIA LTDA,R. CZEZACKI & CIA LTDA,PREVER SERVICOS FUNE,76.396.159/0006-43,574.043.134.110,11900-000,"RUA SEIJI SUMIDA, 80",CENTRO,REGISTRO,SP,3542602,contabilidade@rimacontabil.com.br,13 997309340,13 3821-1540
L P INDUSTRIA E COMERCIO DE URNAS LTDA,L P INDUSTRIA E COMERCIO DE URNAS LTDA,L P URNAS,58.820.463/0001-80,128873558,65938-000,"RUA TOCANTINS, 500",CENTRO,RIBAMAR FIQUENE,MA,2109551,urnaslp@gmail.com,,(99) 8828-8959
57.133.251 VINICIUS MARTINS GOMES SANTOS,57.133.251 VINICIUS MARTINS GOMES SANTOS,VINICIUS MARTINS,57.133.251/0001-61,ISENTO,21863-005,"RUA CATIRI, 840",BANGU,RIO DE JANEIRO,RJ,3304557,assistenciafuneralvmgs@gmail.com,,(21) 9945-2985
POS VIDA NITEROI PLANO FUNERAL LTDA,POS VIDA NITEROI PLANO FUNERAL LTDA,POS VIDA NITEROI,10.683.642/0001-96,11.056.08-3,24110-256,"RUA GENERAL CASTRIOTO, 384",BARRETO,RIO DE JANEIRO,RJ,3304557,mvmoraes77@gmail.com,021 2620-9638,021 97038-1022
AGENCIA FUNERARIA SANTA CASA DE ACARI LT,AGENCIA FUNERARIA SANTA CASA DE ACARI LTDA,SANTA CASA COPACABAN,05.959.893/0001-10,ISENTO,20770-001,"RUA ARQUIAS CORDEIRO, 249",ENGENHO DE DENTRO,RIO DE JANEIRO,RJ,3304557,financeiro@santacasacopacabana.com.br,,021 3372-5627
MARANATA SERVICOS FUNERARIOS LTDA,MARANATA SERVICOS FUNERARIOS LTDA,MARANATA,01.552.266/0001-00,ISENTO,22735-015,"AV GEREMARIO DANTAS, 18",TANQUE,RIO DE JANEIRO,RJ,3304557,ffunerariamaranata@gmail.com,,021 2402-6376
SERVICOS FUNERARIOS SAO SEBASTIAO LTDA,SERVICOS FUNERARIOS SAO SEBASTIAO LTDA,AGENCIA SANTA CASA S,31.671.878/0001-82,ISENTO,20550-013,"RUA SAO FRANCISCO XAVIER, 418",MARACANA,RIO DE JANEIRO,RJ,3304557,ag.funerariasantacasa@uol.com.br,,021 2284-6686
AGENCIA FUNERARIA MURUNDU LTDA,AGENCIA FUNERARIA MURUNDU LTDA,VELORIUM ASSISTENCIA,01.093.326/0001-73,ISENTO,21715-410,"RUA FRANCISCO REAL, 635 C",PADRE MIGUEL,RIO DE JANEIRO,RJ,3304557,jorgedamiao@ig.com.br,,021 96472-4825
FUNERARIA CENTRAL SANTA CASA 24H LTDA,FUNERARIA CENTRAL SANTA CASA 24H LTDA,,33.908.591/0001-59,ISENTO,20760-246,"RUA JOSE DOS REIS, 2565",INHAUMA,RIO DE JANEIRO,RJ,3304557,financeiro@santacasacard.com.br,,021 99697-5422
CAPELA SANTO CRISTO LTDA,CAPELA SANTO CRISTO LTDA,,33.737.974/0001-01,ISENTO,21230-000,"PRACA NOSSA SRA DA APRESENTACAO,243, 253",IRAJA,RIO DE JANEIRO,RJ,3304557,empresas@stocristo.com.br,021 97013-6366,021 3371-1067
FUNERARIA SAO VITO LTDA,FUNERARIA SAO VITO LTDA,,01.497.392/0001-09,ISENTO,20730-000,"RUA ADOLFO BERGAMINI, 311",ENGENHO DE DENTRO,RIO DE JANEIRO,RJ,3304557,fsvito@terra.com.br,021 3899-8535,021 2596-0398
CONCEL - ASSISTENCIA FUNERAL E FUNERARIA,CONCEL - ASSISTENCIA FUNERAL E FUNERARIA LTDA.,CONCEL- ASSISTENCIA,07.646.676/0001-04,589.066.613.115,09450-000,"RUA PREFEITO CIDO FRANCO, 216",CENTRO,RIO GRANDE DA SERRA,SP,3544103,funerariacentralrgs@hotmail.com,11 4820-2730,11 4820-2730
FUNERARIA E PLANO FUNERAL RIO NOVO LTDA,FUNERARIA E PLANO FUNERAL RIO NOVO LTDA ME,FUNERARIA E PLANO FU,03.273.973/0001-92,ISENTO,36150-000,"RUA DR.ELILIO DE MATTOS, 245",CENTRO,RIO NOVO,MG,3155405,luizarinco@hotmail.com,,032 3274-2450
ORGANIZACAO SOCIAL DE LUTO BOSQUETTI LTD,ORGANIZACAO SOCIAL DE LUTO BOSQUETTI LTDA ME,BOSQUETTI,01.125.953/0001-49,569.965.004.00-86,38190-000,"PRACA GETULIO VARGAS, 52",CENTRO,SACRAMENTO,MG,3156908,fernandabosquetti@hotmail.com,,034 3351-1043
FUNERARIA BONATTI SACRAMENTO LTDA,FUNERARIA BONATTI SACRAMENTO LTDA,FUNERARIA BONATTI,05.317.282/0001-79,569.201.885.00-46,38190-000,"RUA JOSE PANDO, 988",MARIA ROSA,SACRAMENTO,MG,3156908,itair@onda.net.br,,034 98403-7884
ROBERTO BONANATA & CIA LTDA - ME,ROBERTO BONANATA & CIA LTDA - ME,FUNERARIA RAINHA DA,00.523.305/0001-88,ISENTO,18900-000,"AVENIDA DOUTOR CIRO M. CAMARINHA, 509",CENTRO,SANTA CRUZ DO RIO PARDO,SP,3546405,robertofuneraria@hotmail.com,014 99858-4594,014 3372-1674
W A EMPRESA FUNERARIA LTDA - ME,W A EMPRESA FUNERARIA LTDA - ME,FUNERARIA SANTA GERT,03.197.227/0001-67,615.070.041.111,13510-000,"RUA 1, 441",CENTRO,SANTA GERTRUDES,SP,3546702,adriana_cerri@hotmail.com,019 3982-2348,019 3545-5254
COMPANHIA BRASILEIRA DE SERVICOS FUNERAR,COMPANHIA BRASILEIRA DE SERVICOS FUNERARIOS LTDA,COMPANHIA BRASILEIRA,27.630.446/0260-31,ISENTO,33170-000,"AV BRASILIA, 912",DUQUESA I SAO BENEDI,SANTA LUZIA,MG,3157807,regulatorio@grupozelo.com,,31 3314-8000
FUNERARIA VALORIZE SANTA LUZIA LTDA,FUNERARIA VALORIZE SANTA LUZIA LTDA,VALORIZE,28.636.997/0001-90,ISENTO,33170-000,"AV BRASILIA, 1339",DUQUESA I (SAO BENED,SANTA LUZIA,MG,3157807,comprador@planosmetropax.com.br,,031 3057-4000
JULIANA MARIA MENDONCA CORREA ME,JULIANA MARIA MENDONCA CORREA ME,FUNERARIA CORREA,06.016.310/0001-80,623.089.954.114,06515-010,"RUA DAS GOIABEIRAS, 126",PARQUE SANTANA,SANTANA DE PARNAIBA,SP,3547304,funerariacorrea@gmail.com,,011 4151-3175
MAXIMO E CIA LTDA ME,MAXIMO E CIA LTDA ME,MAXIMO,01.507.769/0001-63,621.019.249.110,13670-000,"RUA INACIO RIBEIRO, 341",CENTRO,SANTA RITA DO PASSA QUATRO,SP,3547502,valerymaximo@hotmail.com,019 99957-7945,019 3582-3819
SERVICO FUNERARIO DO MUNICIPIO DE SANTO,SERVICO FUNERARIO DO MUNICIPIO DE SANTO ANDRE,SANTO ANDRE,57.614.976/0001-71,ISENTO,09040-230,"RUA JOAO BELETATO, 111",JARDIM BELA VISTA,SANTO ANDRE,SP,3547809,compras@sfmsa.sp.gov.br,,011 4433-3544
SERVICO FUNERARIO ARGEU LTDA,SERVICO FUNERARIO ARGEU LTDA,SERVICO FUNERARIO AR,34.565.907/0001-10,636.395.818.110,09580-500,"ESTRADA DAS LAGRIMAS, 1912",MAUA,SAO CAETANO DO SUL,SP,3548807,edson.deville@hotmail.com,,011 99837-5373
SINSEF SAO CARLOS LTDA ME,SINSEF SAO CARLOS LTDA ME,SINSEF,13.022.309/0001-24,ISENTO,13566-350,"AVENIDA SALGADO FILHO, 289",VILA MARINA,SAO CARLOS,SP,3548906,alessandra.dias@gruposinsef.com.br,016 99762-5697,016 3374-4794
KLEYSON ALEXANDRE DOS SANTOS LTDA,KLEYSON ALEXANDRE DOS SANTOS LTDA,PLAN FLORES PLANO FA,48.368.758/0001-03,0044723270027,35995-000,"RUA JOSE RECREIO, 88",CENTRO,SAO DOMINGOS DO PRATA,MG,3161007,planflores.sdp@gmail.com,,031 99791-2974
VIDA LONGA ASSISTENCIA FAMILIAR LTDA,VIDA LONGA ASSISTENCIA FAMILIAR LTDA,VIDA LONGA ASSISTENC,27.066.771/0001-38,87.309.126,28400-000,"RUA MARECHAL DEODORO, 94",CENTRO,SAO FIDELIS,RJ,3304805,contato@planovidalonga.com.br,,022 99729-9469
FLORICULTURA MONSENHOR CRISANTEMO LTDA,FLORICULTURA MONSENHOR CRISANTEMO LTDA,FLORICULTURA BEIJA F,02.390.494/0001-93,75.616.392,24435-001,"RUA DR FRANCISCO PORTELA LOJA 02, 2599",PORTO NOVO,SAO GONCALO,RJ,3304904,rodrigolessa05@hotmail.com,021 96437-1508,021 2712-2638
COMPANHIA BRASILEIRA DE SERVICOS FUNERAR,COMPANHIA BRASILEIRA DE SERVICOS FUNERARIOS LTDA,GRUPO ZELO,27.630.446/0135-68,ISENTO,36307-312,"RUA MARIA TEREZA, 110",CENTRO,SAO JOAO DEL REI,MG,3162500,regulatorio@grupozelo.om,,031 3314-8000
FUNERARIA BRAGA DE SAO JOAQUIM DE BICAS,FUNERARIA BRAGA DE SAO JOAQUIM DE BICAS LTDA,FUNERARIA BRAGA DE S,04.166.003/0001-50,ISENTO,32920-000,"RUA ALAGOAS, 157",TEREZA CRISTINA,SAO JOAQUIM DE BICAS,MG,3162922,renataalmeidaprof@gmail.com,31 9604-0049,031 3534-0049
JURANDIR DO CARMO RIOLLI ME,JURANDIR DO CARMO RIOLLI ME,FUNERARIA SAO JOSE,59.897.587/0001-26,ISENTO,13720-000,"AVENIDA 9 DE JULHO, 103",CIDADE,SAO JOSE DO RIO PARDO,SP,3549706,jurandirrioli@oultlook.com,019 3665-3335,019 3608-5095
EMPRESA SANTA CLARA - EIRELI - EPP,EMPRESA SANTA CLARA - EIRELI - EPP,SANTA CLARA,74.430.851/0002-91,001098320.00-41,37470-000,"AVENIDA DAMIAO JUNQUEIRA DE SOUZA, 713",NOSSA SRA DE FATIMA,SAO LOURENCO,MG,3163706,joselia_lorenzo@hotmail.com,,012 3145-3228
COMPANHIA BRASILEIRA DE SERVICOS FUNERAR,COMPANHIA BRASILEIRA DE SERVICOS FUNERAR,COMPANHIA BRASILEIRA,27.630.446/0143-78,ISENTO,29931-345,"AVENIDA JOSE TOZZI, 2771",BOA VISTA,SAO MATEUS,ES,3204906,faleconosco@grupozelo.com,,(31) 3314-8000
CONDOMINIO EDIFICIO PAULISTA FLAT II,CONDOMINIO EDIFICIO PAULISTA FLAT II,CONDOMINIO EDIFICIO,60.048.097/0001-34,ISENTO,01404-000,"ALAMEDA CAMPINAS, 129",JARDIM PAULISTA,SAO PAULO,SP,3550308,,,
VELATTUS ASSISTENCIA FUNERARIA LTDA,VELATTUS ASSISTENCIA FUNERARIA LTDA,RURAL FACILITY - CON,46.431.804/0001-46,ISENTO,01528-020,"RUA TTE AZEVEDO, 199",ACLIMACAO,SAO PAULO,SP,3550308,simetrocontabil@yahoo.com.br,,(11) 3539-5741
ALJ PLANO DE ASSISTENCIA FUNERARIA LTDA,ALJ PLANO DE ASSISTENCIA FUNERARIA LTDA,ALJ FUNERARIA,54.387.791/0001-83,ISENTO,05104-070,"RUA CIPRIANO DE GOIS, 130",VILA SANTA EDWIGES,SAO PAULO,SP,3550308,alj.funeraria@gmail.com,11 98298-9478,(11) 3696-8490
SPE CONSORCIO CORTEL SP S.A,SPE CONSORCIO CORTEL SP S.A,SPE CONSORCIO CORTEL,47.701.152/0001-85,ISENTO,01407-200,"AVENIDA AVENIDA NOVE DE JULHO, 4865",ITAIM BIBI,SAO PAULO,SP,3550308,compras@cortelsp.com.br,,11 974773493
CONCESSIONARIA DE CEMITERIOS E SERVICOS,CONCESSIONARIA DE CEMITERIOS E SERVICOS FUNERARIOS SPE S.A,CONSOLARE,44.615.216/0001-37,135.444.634.117,01452-910,"AVENIDA AV BRIG FARIA LIMA, 1931",JARDIM PAULISTANO,SAO PAULO,SP,3550308,erick.grosso@consolare.com.br; yuri.pellicer@consolare.com.br;aureo.lima@consolare.com.br,11 91639-8664,011 4637-0969
CONCESSIONARIA PREVER ADMINISTRACAO CEMI,CONCESSIONARIA PREVER ADMINISTRACAO CEMITERIAL E SERVICOS FUNERARIOS S.A,VELAR SP,47.863.166/0001-03,ISENTO,05419-902,"AVENIDA AV PEDROSO DE MORAIS, 433",PINHEIROS,SAO PAULO,SP,3550308,kathelleyn.agnoletto@velar.com.br,,011 96975-7218
BENTTUS ASSISTENCIA FAMILIAR EIRELI,BENTTUS ASSISTENCIA FAMILIAR EIRELI,FUNERARIA BENTTUS,23.488.106/0001-81,128.423.351.113,01311-200,"AV PAULISTA, 1079",BELA VISTA,SAO PAULO,SP,3550308,taticmacedo@hotmail.com,,011 2829-6943
DANIEL SANTOS COSTA FUNERARIA LTDA,DANIEL SANTOS COSTA FUNERARIA LTDA,ALEM DA VIDA,60.181.178/0001-08,15.421.60-6,28941-364,"R SAO SEBASTIAO, 169",FLUMINENSE,SAO PEDRO DA ALDEIA,RJ,3305208,thiagocostafilho30@gmail.com,(22) 9889-5272,(22)99763-4507
PARAISO ASSISTENCIA FAMILIAR EIRELI,PARAISO ASSISTENCIA FAMILIAR EIRELI,PARAISO,25.401.500/0001-66,654.088.667.111,11608-608,"RUA CAPITAO LUIZ SOARES, 557",CENTRO,SAO SEBASTIAO,SP,3550704,paraisoaf@gmail.com,,012 3892-2777
FUNERARIA PARAISO JANDIRA LTDA ME,FUNERARIA PARAISO JANDIRA LTDA ME,PARAISO2,06.249.766/0002-71,ISENTO,11600-000,"RUA CAPITAO LUIZ SOARES, 557",CENTRO,SAO SEBASTIAO,SP,3550704,alessandrafj@hotmail.com,,011 3903 8806
LUCIO CLAUDIANO MARTINS 04770329660,LUCIO CLAUDIANO MARTINS 04770329660,FUNERARIA SHALON,35.166.058/0001-94,ISENTO,36540-000,"PRACA SANTO ANTONIO, SN",CENTRO,SENADOR FIRMINO,MG,3165701,luciocaminhaosf@gmail.com,,032 98419-0654
DYR SERVICOS FUNERARIOS LTDA,DYR SERVICOS FUNERARIOS LTDA,FUNERARIA SANTA URSU,17.118.060/0001-06,082.913.20-0,29165-680,"AVENIDA ELDES SCHERRER SOUZA, 31",PARQUE RESIDENCIAL L,SERRA,ES,3205002,contratos3@contservice.com.br,,(27) 999704680
COMPANHIA BRASILEIRA DE SERVICOS FUNERAR,COMPANHIA BRASILEIRA DE SERVICOS FUNERARIOS LTDA,GRUPO ZELO,27.630.446/0014-70,ISENTO,35701-125,"PRACA JOSE ANTONIO DA SILVEIRA, 41",CANAA,SETE LAGOAS,MG,3167202,controladoria@grupozelo.com,,031 3314-8000
ALEXANDRO DE JESUS FERREIRA MORAIS SANTO,ALEXANDRO DE JESUS FERREIRA MORAIS SANTOS ME,,07.897.013/0002-35,ISENTO,13170-234,"RUA JOSE MARIA MIRANDA, 1194",JARDIM SAO CARLOS,SUMARE,SP,3552403,funerariaflamboyant@uol.com.br,019 98110-8045,019 3883-1617
EMPRESA FUNERARIA CAMPOS & CAMPOS SUMARE,EMPRESA FUNERARIA CAMPOS & CAMPOS SUMARE LTDA - ME,,67.481.523/0001-78,671.387.872.113,13170-030,"RUA ANTONIO PEREIRA CAMARGO, 37",CENTRO,SUMARE,SP,3552403,funerabomjesus@bol.com.br,019 99210-3571,019 3873-4406
SAUDADES FLORES LTDA,SAUDADES FLORES,SAUDADES FLORES LTDA,58.008.561/0001-17,675.630.257.110,06766-360,AV LAURITA ORTEGA MARI-831/ TABOAO DA SERRA,VILA DAS OLIVEIRAS,TABOAO DA SERRA,SP,3552809,adm.conceptos@terra.com.br,(11)3005-1149,(11)99688-0022
FUNERARIA REI ETERNO ASSISTENCIA FAMILIA,FUNERARIA REI ETERNO ASSISTENCIA FAMILIAR LTDA,ASSISTENCIA FUNERARI,45.262.617/0001-13,ISENTO,06766-360,"AVENIDA AV LAURITA ORTEGA MARI, 1337",VILA DAS OLIVEIRAS,TABOAO DA SERRA,SP,3552809,funeprev@gmail.com,,011 99368-9124
FUNERARIA CAMPOS LTDA,FUNERARIA CAMPOS LTDA,CAMPOS ASSISTENCIA F,10.661.233/0002-70,675.320.727.111,06767-000,"RUA HORTENCIA ALBUQUERQUE ORLANDINO, 652",PARQUE PINHEIROS,TABOAO DA SERRA,SP,3552809,contato@lscontabilidade.adm.br,11 94765-3535,(11) 3742-2448
54.717.421 ISMAEL AMANCIO CAETANO,54.717.421 ISMAEL AMANCIO CAETANO,54.717.421 ISMAEL AM,54.717.421/0001-67,684.168.696.110,15900-013,"RUA GENERAL OSORIO, 103",CENTRO,TAQUARITINGA,SP,3553708,ismaelcaetano7@gmail.com,,(16)98175-2583
THIERRY AUGUSTO PINHEIRO,THIERRY AUGUSTO PINHEIRO,,10.609.635/0001-44,684.052.182.110,15900-063,"RUA SIQUEIRA CAMPOS, 626",VILA DI SANTI,TAQUARITINGA,SP,3553708,thierrytq@hotmail.com,016 3252 2919,016 99770-8880
RHAJ EMPREENDIMENTOS LTDA,RHAJ EMPREENDIMENTOS LTDA,FUNERARIA AME,16.757.182/0001-80,206976720,59338-000,SIT UMBUZEIRO,ZONA RURAL,TENENTE LAURENTINO CRUZ,RN,2414159,tlc_contabilidade@hotmail.com,,84 34380099
ABREU DE SOUZA E OLIVEIRA LTDA ME,ABREU DE SOUZA E OLIVEIRA LTDA ME,SAO DOMINGOS,08.915.430/0001-45,001.080.981.00-34,37410-000,"RUA DOUTOR JOSE ALVES PEREIRA, 250",CENTRO,TRES CORACOES,MG,3169307,funerariasaodomingostc@hotmail.com,,035 3231-2721
FUNERARIA NOVO RENASCIMENTO LTDA,FUNERARIA NOVO RENASCIMENTO LTDA,NOVO RENASCIMENTO,31.675.805/0001-69,ISENTO,25805-024,RUA JOSE VAZ LOJA-06A,CENTRO,TRES RIOS,RJ,3306008,sandragatr@hotmail.com,,032 99803-1508
FUNERARIA SANTA TEREZINHA LTDA,FUNERARIA SANTA TEREZINHA LTDA,FUNERARIA SANTA TERE,28.885.580/0001-60,80.769.342,25807-100,"RUA DO QUINCAO, 107",CENTRO,TRES RIOS,RJ,3306008,funerariasantaterezinha1910@hotmail.com,,024 2252-0350
GADE ADMINISTRACAO SERVICOS POSTUMOS LTD,GADE ADMINISTRACAO SERVICOS POSTUMOS LTDA,PAX SILVA,02.783.643/0001-84,ISENTO,75388-775,"AVENIDA AL WILSON TORRANO, 488, QD 02, LOTE 17",SETOR CENTRAL,TRINDADE,GO,5221403,funeraria@paxsilva.com.br,062 98279-9940,062 3505-1014
FUNERARIA LITORANEA LTDA ME,FUNERARIA LITORANEA LTDA ME,,61.610.473/0001-03,701.036.983.110,11680-000,"AVENIDA PROFESSOR THOMAZ GALHARDO, 876",SALA 1 CENTRO,UBATUBA,SP,3555406,funerarialitoraneaplanstel@gmail.com,012 99799-4074,012 3832-6387
FUNERARIA ANGELO CUNHA LTDA EPP,FUNERARIA ANGELO CUNHA LTDA EPP,ANGELO CUNHA,17.793.928/0001-73,702.107.483.00-17,38400-172,"RUA PROFESSOR PEDRO BERNARDO, 286",CENTRO,UBERLANDIA,MG,3170206,valeriacunha@icloud.com,034 99976-2285,034 3236-2657
BRACALENTE SERVICOS FUNERARIOS LTDA - ME,BRACALENTE SERVICOS FUNERARIOS LTDA - ME,BRACALENTE,07.343.764/0001-29,708.197.004.110,13271-750,"RUA JOSE LEME DO PRADO, 53",JARDIM SOLEIL,VALINHOS,SP,3556206,celsobraca@gmail.com,,019 3869-1900
FUNERARIA APOCALIPSE LTDA,FUNERARIA APOCALIPSE LTDA,FUNERARIA BOA ESPERA,03.336.941/0002-70,ISENTO,72874-101,"ALAMEDA SANTA MARIA, SN",PARQUE ESPLANADA V,VALPARAISO DE GOIAS,GO,5221858,financeiroboaesperanca0@gmail.com,,(61) 3615-1105
ODAIR DONIZETI MARQUES ME,ODAIR DONIZETI MARQUES ME,NOVA ALIANÇA,07.668.158/0001-83,711.108.514.110,13880-000,"PRACA NOSSA SENHORA APARECIDA, 81",NOSSA SENHORA APAREC,VARGEM GRANDE DO SUL,SP,3556404,escstoantonio@uol.com.br,19 98323-5249,019 3641-1063
SEMUL-SERVICO MUN.FUNER.E DE ORGANIZACAO,SEMUL-SERVICO MUN.FUNER.E DE ORGANIZACAO DE LUTO,PRE.VARGINHA,11.881.834/0001-70,ISENTO,37004-630,"RUA DOTOR BENEVENUTO BRAZ VIEIRA, 455",VILA ANDERE,VARGINHA,MG,3170701,jackeline.fernandes@varginha.mg.gov.br,,035 3690-2129
ROGERIO E ROGERIO LTDA EPP,ROGERIO E ROGERIO LTDA EPP,,67.808.592/0001-43,712.032.051.115,13220-130,"RUA MARIA AUXILIADORA, 30",VILA SANTA TEREZINHA,VARZEA PAULISTA,SP,3556503,admolvp@gmail.com,11 4595-4417,11 4606-2362
COMPANHIA BRASILEIRA DE SERVICOS FUNERAR,COMPANHIA BRASILEIRA DE SERVICOS FUNERARIOS LTDA,GRUPO ZELO,27.630.446/0017-13,ISENTO,36570-047,"AV BUENO BRANDAO, 102",CENTRO,VICOSA,MG,3171303,regulatorio@grupozelo.com,,031 3314-8000
COMPANHIA BRASILEIRA DE SERVICOS FUNERAR,COMPANHIA BRASILEIRA DE SERVICOS FUNERARIOS LTDA,,27.630.446/0046-58,ISENTO,29122-725,"AV JERONIMO MONTEIRO, 495",GLORIA,VILA VELHA,ES,3205200,contriladoria@grupozelo.com.br,,31 33148000
IRM SANTA CASA MISERICORDIA DE VITORIA,IRM SANTA CASA MISERICORDIA DE VITORIA,STA VITORIA,28.141.190/0001-86,ISENTO,29025-023,"RUA DR JOAO DOS S NEVES, 143",VILA RUBIM,VITORIA,ES,3205309,santacasapaz@santacasavitoria.org,,027 3222-0738
MUNICIPIO DE VOLTA REDONDA,MUNICIPIO DE VOLTA REDONDA,PR.V.REDONDA,32.512.501/0001-43,ISENTO,27215-620,"PRACA SAVIO GAMA, 53",CENTRO,VOLTA REDONDA,RJ,3306305,dga.smf@epdvr.com.br,,024 3345-4444
ORGANIZACAO SOCIAL DE LUTO VOTUPORANGA,ORGANIZACAO SOCIAL DE LUTO VOTUPORANGA  LTDA,FUNERARIA SAGRADO CO,49.983.166/0001-64,ISENTO,15505-168,"RUA GOIAS, 3758",VILA HERCILIA,VOTUPORANGA,SP,3557105,roma.ac@terra.com.br;funerariasagradocoracao@gmail.com,017 99784-1670,017 3421-6271
R C C NOGUEIRA FUNERARIA LTDA,R C C NOGUEIRA FUNERARIA LTDA,ORGANIZACAO SOCIAL D,59.613.612/0001-00,718.292.923.112,15500-467,"RUA ITACOLOMI, 3446 A",VILA MARIN,VOTUPORANGA,SP,3557105,compras@rosamistica.com.br,,017 3405-9333
