numero;bairro;cep;fantasia;email;ibge;logradouro;razao_social;inscricao_estadual;tag1;origem;nome;estado;recompra;celular;cnpj;telefone;cidade
347;CENTRO;29820-000;FUNERARIA PAZ ETERNA;avantcontabilidade01@gmail.com;3200169;RUA IRACY MARQUES;WEVERTON LOPES FERNANDES & CIA LTDA;083.115.04-8;IUB;Base Bignotto;WEVERTON LOPES FERNANDES & CIA LTDA;ES;20;;22.803.899/0001-13;(33)8867-3936;AGUA DOCE DO NORTE
1725;SAO BENEDITO;37940-000;FUNERARIA SAO VICENT;rm2091adm@gmail.com;3101904;RUA BELO HORIZONTE;DJE SERVICOS FUNERARIOS LTDA;003998504.00-23;IUB;Base Bignotto;DJE SERVICOS FUNERARIOS LTDA;MG;20;;40.886.325/0001-38;035 3523-1502;ALPINOPOLIS
782;BAIRRO;35950-000;FUNERARIA ALVINOPOLI;keniaseveriano@hotmail.com;3102308;AVENIDA AV ANTONIO CARLOS;FUNERARIA ALVINOPOLIS LTDA;023.718.324.00-09;IUB;Base Bignotto;FUNERARIA ALVINOPOLIS LTDA;MG;20;;02.142.043/0001-37;031 3855-1198;ALVINOPOLIS
271;CHACARA GIRASSOL;13465-340;FUNERARIA ALVES AM L;ltcabc@hotmail.com;3501608;RUA JOSE FERREIRA ARANHA;FUNERARIA ALVES AM LTDA;165.672.510.119;IUB;Base Bignotto;FUNERARIA ALVES AM LTDA;SP;20;;47.194.064/0001-34;019 3648-4531;AMERICANA
827;CENTRO;13465-020;PAX SERVICOS FUNERAR;diretoria@assistenciagrupopax.com;3501608;RUA FERNANDO CAMARGO;PAX SERVICOS FUNERARIOS LTDA;ISENTO;IUB;Base Bignotto;PAX SERVICOS FUNERARIOS LTDA;SP;20;19 34082551;32.981.081/0001-44;19 34062004;AMERICANA
255;CENTRO;75024-040;FUNERARIA SAO SEBAST;caixao.roxo@hotmail.com;5201108;RUA GENERAL JOAQUIM INACIO;EMPRESA FUNERARIA SAO SEBASTIAO LTDA;10.058.734-8;IUB;Base Bignotto;EMPRESA FUNERARIA SAO SEBASTIAO LTDA;GO;20;062 3313-6968;01.051.606/0001-19;062 3324-2896;ANAPOLIS
58;JAPUIBA;23934-005;FUNERARIA VERDE MAR;gouveacigano@gmail.com;3300100;R PREFEITO JOAO GREGORIO GALINDO;FUNERARIA VERDE MAR GOUVEA LTDA;12.915.56-0;IUB;Base Bignotto;FUNERARIA VERDE MAR GOUVEA LTDA;RJ;20;(24) 33656165;51.281.652/0001-82;(24) 7404-5240;ANGRA DOS REIS
;VILA BRASILIA;74905-190;FUNERARIA PAX APAREC;paxaparecida@hotmail.com;5201405;AVENIDA BRASILIA;PAX APARECIDA SERVICOS POSTUMOS LTDA.;ISENTO;IUB;Base Bignotto;PAX APARECIDA SERVICOS POSTUMOS LTDA.;GO;20;;10.712.139/0001-11;(62) 3549-6585;APARECIDA DE GOIANIA
;PQ REAL DE GOIANIA;74910-190;PAX GOIANIA;paxgoiania@hotmail.com;5201405;RUA VISCONDE DE OURO PRETO;FUNERARIA GOIANIA LTDA;10.392.927-4;IUB;Base Bignotto;FUNERARIA GOIANIA LTDA;GO;20;062 99146-8055;06.219.783/0001-85;062 3983-3912;APARECIDA DE GOIANIA
774;CENTRO;18320-000;ORGANIZACAO SOCIAL D;osla.apiai@uol.com.br;3502705;RUA 1 DE MAIO;JOAO CORREIA DA SILVA APIAI - ME;176.085.197.117;IUB;Base Bignotto;JOAO CORREIA DA SILVA APIAI - ME;SP;20;;02.136.965/0001-31;015 3552-1307;APIAI
446;CENTRO;18147-000;ALPHA AMARE;atendimento@alphaamare.com.br;3502754;AVENDIDA NICOLAU FERREIRA DE SOUZA;AMARE GESTAO DE PROCESSOS LTDA EPP;623.374.454.112;IUB;Base Bignotto;AMARE GESTAO DE PROCESSOS LTDA EPP;SP;20;;23.484.474/0001-51;011 4237-3405;ARACARIGUAMA
740;CENTRO;38440-128;PAX DO BRASIL;paxdobrasil@uol.com.br;3103504;RUA MARCIANO SANTOS;PAX DO BRASIL ADMINISTRACAO LTDA EPP;ISENTO;IUB;Base Bignotto;PAX DO BRASIL ADMINISTRACAO LTDA EPP;MG;20;;17.661.596/0001-73;034 3241-0940;ARAGUARI
283;BOSQUE;38440-280;SERVICO SOCIAL DE LU;fozanam@hotmail.com;3103504;RUA JOSIAS BATISTA LEITE;CONSELHO CENTRAL DE ARAGUARI DA SOC S VICENTE DE PAULO;ISENTO;IUB;Base Bignotto;CONSELHO CENTRAL DE ARAGUARI DA SOC S VI;MG;20;;16.823.205/0002-98;034 3241-2543;ARAGUARI
27;CENTRO;13600-070;ALLIANCE ASSIST FUNE;begnami@begnami.com;3503307;RUA TIRADENTES;ALLIANCE ASSIST ADMINISTRADORA DE PLANOS;ISENTO;IUB;Base Bignotto;ALLIANCE ASSIST ADMINISTRADORA DE PLANOS;SP;20;19 98732-0886;52.713.072/0001-80;(19) 3541-2320;ARARAS
165;JARDIM RINCAO;07400-470;PREVENTVIDA ASSISTEN;paularoseane@hotmail.com;3503901;RUA SIQUEIRA CAMPOS;P.R. GERLACH FUNERARIA;isento;IUB;Base Bignotto;P.R. GERLACH FUNERARIA;SP;20;;17.585.025/0001-05;(41) 9629-9709;ARUJA
88;CENTRO;12940-810;FLAMIL FUNERARIA;flamiladmplanos@yahoo.com;3504107;PRACA BENTO PAES;FLAMIL COMERCIO E SERVICOS FUNERARIOS LTDA ME;190119226119;IUB;Base Bignotto;FLAMIL COMERCIO E SERVICOS FUNERARIOS LT;SP;20;(11) 4412-3574;00.937.800/0001-33;011 9.9960-664;ATIBAIA
184;CENTRO;15140-000;;daulian@superig.com.br;3504800;RUA RIO DE JANEIRO;FORTALEZA SERVICOS DE LUTO LTDA;ISENTO;IUB;Base Bignotto;FORTALEZA SERVICOS DE LUTO LTDA;SP;20;017 3215-3106;04.102.236/0001-90;017 3121-8007;BALSAMO
80;CENTRO;38900-000;;farmaciansbrasil@yahoo.com.br;3105103;RUA DR MARIO CAMPOS;HOSPITAL NOSSA SENHORA DO BRASIL;ISENTO;IUB;Base Bignotto;HOSPITAL NOSSA SENHORA DO BRASIL;MG;20;;17.032.293/0001-91;037 3431-5500;BAMBUI
88;VILA REGINA;35970-000;PAX BARAO DE COCAIS;paxbaraodecocais@gmail.com;3105400;RUA LUIZ PINTO;DANIELA MARQUES VIEIRA;001399578.00-32;IUB;Base Bignotto;DANIELA MARQUES VIEIRA;MG;20;;11.137.572/0001-33;031 3837-1477;BARAO DE COCAIS
177;PONTILHAO;36202-344;ZELO;controladoria@grupozelo.com;3105608;RUA MARECHAL FLORIANO PEIXOTO;COMPANHIA BRASILEIRA DE SERVICOS FUNERARIOS LTDA;ISENTO;IUB;Base Bignotto;COMPANHIA BRASILEIRA DE SERVICOS FUNERAR;MG;20;;27.630.446/0005-80;031 3314-8000;BARBACENA
252;CENTRO;27320-200;BARRA MANSA;financeiro.sps@barramansa.rj.gov.br;3300407;RUA OSCAR DA SILVA MARINS;FUNDO MUNICIPAL DE ASSISTENCIA SOCIAL;ISENTO;IUB;Base Bignotto;FUNDO MUNICIPAL DE ASSISTENCIA SOCIAL;RJ;20;;10.268.003/0001-64;24 3322-8098;BARRA MANSA
500;PQ RESID.MINERVA;14781-560;OLIVEIRAS;rachell.chell@gmail.com;3505500;AVENIDA PAULO CASTOR GOMES;PARQUE DAS OLIVEIRAS EMPREEND.COMERCIAS LTDA ME;204.122.672.114;IUB;Base Bignotto;PARQUE DAS OLIVEIRAS EMPREEND.COMERCIAS;SP;20;017 3323-6060;56.908.411/0001-34;017 33236060;BARRETOS
281;VILA BOA VISTA;06411-200;MFJP SERVICOS E COME;contato.mfjp@outlook.com;3505708;RUA MARCELINA CHALUPE;MFJP SERVICOS E COMERCIO LTDA;206.390.577.110;IUB;Base Bignotto;MFJP SERVICOS E COMERCIO LTDA;SP;20;(11)99684-8580;19.281.761/0001-97;(11) 4326-3803;BARUERI
161;POTREIRO;14315-222;REDE UNIPAZ ASSISTEN;contatounipaz2012@gmail.com;3505906;AVENIDA JULIO CESAR SAQUETO DA COSTA.;REDE UNIPAZ ESTANCIAS LTDA;208.183.700.117;IUB;Base Bignotto;REDE UNIPAZ ESTANCIAS LTDA;SP;20;;61.132.997/0001-28;(62) 9479-2505;BATATAIS
;JD.SANTANA;17020-293;EMDURB;jennyffersantos@emdurb.com.br;3506003;PRACA JOAO PAULO II;EMPRESA MUNIC DE DESEMVOLV URBANO RURAL DE BAURU;ISENTO;IUB;Base Bignotto;EMPRESA MUNIC DE DESEMVOLV URBANO RURAL;SP;20;014 3233-9119;50.778.851/0001-38;014 3235-1450;BAURU
1764;JARDIM CRUZEIRO DO S;14701-690;FUNERARIA SAO JOAO;rafael@organizacaosaojoao.com.br;3506102;AV JOSE CUTRALE JUNIOR;ORGANIZACAO SAO JOAO SERVICOS POSTUMOS LTDA;210.004.989.116;IUB;Base Bignotto;ORGANIZACAO SAO JOAO SERVICOS POSTUMOS L;SP;20;;55.079.792/0001-23;017 3342-5771;BEBEDOURO
105;CENTRO;75240-000;FENIX SERVICOS POSTU;fenixfuneraria-ltda@hotmail.com;5203302;RUA CORONEL JOAO CAMILO;FENIX PLANOS ASSISTENCIAIS LTDA;ISENTO;IUB;Base Bignotto;FENIX PLANOS ASSISTENCIAIS LTDA;GO;20;;20.362.031/0001-08;062 3551-4158;BELA VISTA DE GOIAS
99;CENTENARIO;35920-000;FUNERARIA ALVES;funerariabelavista@hotmail.com;3106002;RUA OSCAR DE ARAUJO;FUNERARIA ALVES LTDA;060.586.995.00-06;IUB;Base Bignotto;FUNERARIA ALVES LTDA;MG;20;031 3861-0380;25.401.894/0001-52;031 3861-1857;BELA VISTA DE MINAS
391;SANTA EFIGENIA;30150-281;ASSUNCAO REMOCOES E;contabilidadeamorim@uol.com.br;3106200;AVENIDA BERNARDO MONTEIRO;ASSUNCAO REMOÇÕES;ISENTO;IUB;Base Bignotto;ASSUNCAO REMOCOES E TRANSLADO LTDA;MG;20;;34.979.581/0001-77;031 99306-6222;BELO HORIZONTE
2905;SANTA EFIGENIA;30110-915;REDE MEMORIAL;comercial@redememorial.com.br;3106200;AV DO CONTORNO;MEMORIAL REDE DE ASSISTENCIA FAMILIAR LTDA;ISENTO;IUB;Base Bignotto;MEMORIAL REDE DE ASSISTENCIA FAMILIAR LT;MG;20;;10.432.251/0001-07;031 3334-0102;BELO HORIZONTE
3625;BARROCA;30431-061;ASSOCIPAX;atendimento@associpax.com.br;3106200;AVENIDA AMAZONAS;ASSOCIPAX FUNERARIA LTDA;0040082380040;IUB;Base Bignotto;ASSOCIPAX FUNERARIA LTDA;MG;20;31 9670-2797;40.611.132/0001-74;031 3654-8673;BELO HORIZONTE
90;JARDINOPOLIS;30510-520;;moreiracontabil@msn.com;3106200;RUA ITATIBA;SOMATO SERVICOS FUNERARIOS E SOMATOCONSERCACAO LTDA;0038220690089;IUB;Base Bignotto;SOMATO SERVICOS FUNERARIOS E SOMATOCONSE;MG;20;;22.138.145/0001-96;031 3372-3930;BELO HORIZONTE
406;NOVA GAMELEIRA;30510-210;GRUPO ZELO;junior.marinho@grupozelo.com;3106200;RUA OSCAR NEGRAO DE LIMA;COMPANHIA BRASILEIRA DE SERVICOS FUNERARIOS LTDA;ISENTO;IUB;Base Bignotto;COMPANHIA BRASILEIRA DE SERVICOS FUNERAR;MG;20;;27.630.446/0002-37;031 3314-8000;BELO HORIZONTE
2948;SANTA EFIGENIA;30110-014;METROPAX;comprador@planosmetropax.com.br;3106200;AVENIDA DO CONTORNO;VALORIZE SERVICOS POSTUMOS LTDA ME;002.345.081.00-22;IUB;Base Bignotto;VALORIZE SERVICOS POSTUMOS LTDA ME;MG;20;031 99557-4848;20.097.717/0001-00;031 3057-4010;BELO HORIZONTE
367;SANTA EFIGENIA;30150-280;SANTA CASA;larissamiranda@santacasabh.org.br;3106200;AVENIDA BERNARDO MONTEIRO;SANTA CASA DE MISERICORDIA DE BELO HORIZONTE;062.856647.01-67;IUB;Base Bignotto;SANTA CASA DE MISERICORDIA DE BELO HORIZ;MG;20;;17.209.891/0008-60;031 3237-7281;BELO HORIZONTE
39;VILA ITAPANHAU;11250-000;FUNERARIA SCHUNCK;funerariaschunck.bertioga@hotmail.com;3506359;AVENIDA DOUTOR LEONARDO DE BONNA;EMPRESA FUNERARIA SCHUNCK LTDA;738.087.030.119;IUB;Base Bignotto;EMPRESA FUNERARIA SCHUNCK LTDA;SP;20;;02.539.867/0002-26;13 3317-3898;BERTIOGA
122;VILA DOS LAVRADORES;18609-083;;"murilopz@hotmail.com; financeiro@botucatuprever.com.br;";3507506;RUA MAJOR MATHEUS;FUNERARIA CORACAO DE JESUS LTDA;ISENTO;IUB;Base Bignotto;FUNERARIA CORACAO DE JESUS LTDA;SP;20;014 99118-6569;48.995.740/0001-31;014 3811-4040;BOTUCATU
34;CENTRO;12900-011;FUN.MOTTA;"financeiro2@planomotta.com.br;grupomottafuneraria@terra.com.br";3507605;RUA ANTONIO PIRES PIMENTEL;FUNERARIA MOTTA LTDA ME;ISENTO;IUB;Base Bignotto;FUNERARIA MOTTA LTDA ME;SP;20;;07.671.929/0001-91;011 4033-2314;BRAGANCA PAULISTA
;ASA SUL;70296-530;DISTRITAL SERVICOS F;funerariadodistritofederal@hotmail.com;5300108;Q SHCS CL QUADRA 413, BLOCO C;DISTRITAL SERVICOS FUNERARIOS LTDA;0838969700111;IUB;Base Bignotto;DISTRITAL SERVICOS FUNERARIOS;DF;20;;60.567.461/0001-72;(61)7403-9879;BRASILIA
;PLANALTINA;70834-530;FUNERARIA SANTA CASA;santacasa.sf@hotmail.com;5300108;QUADRA Q 1;SANTA CASA SERVICOS FUNERARIOS LTDA;0746878700156;IUB;Base Bignotto;SANTA CASA SERVICOS FUNERARIOS LTDA;DF;20;;07.516.133/0001-64;061 99999-9615;BRASILIA
2;ASA NORTE;70040-020;SECRETARIA DE ESTADO;uag@trabalho.df.gov.br;5300108;SETOR BANCARIO NORTE QUADRA 02 BLOCOK TERCEIRO SUBSOLO;SECRETARIA DE ESTADO DE DESENVOLVIMENTO SOCIAL DO DISTRITO FEDERAL;ISENTO;IUB;Base Bignotto;SECRETARIA DE ESTADO DE DESENVOLVIMENTO;DF;20;;04.251.080/0001-09;061 3328-5561;BRASILIA
3;GUARA;71215-221;FUNERARIA PARAISO ET;funerariaparaisoeternomatriz@gmail.com;5300108;QUADRA SOF SUL QUADRA 4 CONJUNTO A LOTE;FUNERARIA PARAISO ETERNO LTDA;0749389500221;IUB;Base Bignotto;FUNERARIA PARAISO ETERNO LTDA;DF;20;;04.316.087/0002-42;061 3485-5538;BRASILIA
;ASA SUL;70373-530;BOM SAMARITANO PREMI;francoa.castro@gmail.com;5300108;Q SHCS CLS 110, BLOCO C LOJA 35;FUNERARIA BOM SAMARITANO PREMIER LTDA;076.052.240.0106;IUB;Base Bignotto;FUNERARIA BOM SAMARITANO PREMIER LTDA;DF;20;;15.385.376/0001-39;061 3536-9496;BRASILIA
;A.D.E CEILANDIA;72237-490;FUNERARIA SANTA LUZI;funerariasantaluzianfe@gmail.com;5300108;ADE QD 04, COJ I, LOTE 18;S L ASSISTENCIA FAMILIAR LTDA;0747069100218;IUB;Base Bignotto;S L ASSISTENCIA FAMILIAR LTDA;DF;20;;06.263.835/0001-10;061 3378-1114;BRASILIA
;ASA SUL;70297-510;FUNERARIA DINAMICA;funerariadinamica@gmail.com;5300108;RUA Q CLS 414 BLOCO A;FUNERARIA DINAMICA LTDA;074.745.040.01-67;IUB;Base Bignotto;FUNERARIA DINAMICA LTDA;DF;20;;07.802.377/0001-03;061 3346-2282;BRASILIA
5;CEILANDIA;72215-566;PAX AMOR ETERNO SERV;paxamoreternocerimonial@hotmail.com;5300108;EQNM 17 19 BLOCO F LOTE;FUNERARIA AMOR ETERNO LTDA;074.395.950.019-5;IUB;Base Bignotto;FUNERARIA AMOR ETERNO LTDA;DF;20;061 3037-1399;05.346.734/0001-40;061 3371-3496;BRASILIA
;GAMA - SETOR LESTE;72460-320;FUNERARIA BOA ESPERA;apocalipse@apocalipse.com.br;5300108;QUADRA 32 LOTE 13 TERREO E SALA 03 1 ANDAR;FUNERARIA APOCALIPSE LTDA;0746464100103;IUB;Base Bignotto;FUNERARIA APOCALIPSE LTDA;DF;20;;03.336.941/0001-99;(61) 36151105;BRASILIA
14;SOBRADINHO AREA EXP;73020-414;;felisminof@hotmail.com;5300108;LOTE 13 QUADRA;CENTER PAX PROMOTORA DE VENDAS LTDA EPP;073.139.460.05.03;IUB;Base Bignotto;CENTER PAX PROMOTORA DE VENDAS LTDA EPP;DF;20;;33.459.801/0006-83;061 99858-1292;BRASILIA
644;BAIRRO JACARE;13318-130;FUNERARIA MONTE SERR;g.funerariaespiritosanto@gmail.com;3508405;RUA FERNANDO NUNES;LUCIANA IBRAHIM VIEIRA;233.073.969.112;IUB;Base Bignotto;LUCIANA IBRAHIM VIEIRA;SP;20;011 99589-5492;05.025.910/0001-42;011 4409-3090;CABREUVA
45;CENTRO;12281-540;UNIPLAN ASSITENCIA F;eugeniofilho@uniplanassistencia.com.br;3508504;PRACA RODRIGUES ALVES;EUGENIO PINTO DE FREITAS ME;234.017.361.111;IUB;Base Bignotto;EUGENIO PINTO DE FREITAS ME;SP;20;012 3653-3584;47.487.822/0001-02;012 3653-3265;CACAPAVA
10;BAIRRO FERROVIARIOS;29308-080;;financeira@seuplanodevida.com.br;3201209;RUA MANOEL BRAGA MACHADO;ASSISTENCIAL CACHOEIRO CEMITERIO PARQUE LTDA;082080348;IUB;Base Bignotto;ASSISTENCIAL CACHOEIRO CEMITERIO PARQUE;ES;20;;04.300.082/0001-40;028 3522-7933;CACHOEIRO DE ITAPEMIRIM
621;BAIRRO;75805-000;PAX E FUNERARIA SANT;pax@pax.com.br;5204300;RUA CORONEL MANOEL INACIO;PAX FUNERARIA SANTA FE LTDA;ISENTO;IUB;Base Bignotto;PAX FUNERARIA SANTA FE LTDA;GO;20;;02.653.525/0003-13;064 3656-1052;CACU
1733;CENTRO;34800-000;FUNERARIA RAINHA DA;rainhadapazcaete@gmail.com;3110004;AVENIDA DOUTOR JOAO PINHEIRO;FUNERARIA RAINHA DA PAZ INVEST PLAN EIRELI;ISENTO;IUB;Base Bignotto;FUNERARIA RAINHA DA PAZ INVEST PLAN EIRE;MG;20;;33.630.942/0001-02;031 3651-8217;CAETE
;JARDIM ROMA;75681-800;PAX CALDAS;paxcaldas@hotmail.com;5204508;RUA A, QUADRA 06, LOTE 1 Nº 750;FUNERARIA E PAX SAO JERONIMO LTDA;ISENTO;IUB;Base Bignotto;FUNERARIA E PAX SAO JERONIMO LTDA;GO;20;64 8402-6637;01.440.035/0001-04;064 3453-1563;CALDAS NOVAS
815;ESTANCIA ITAJA;75680-001;FENIX ADM. FUNERARIA;fenixfunerarialtda@hotmail.com;5204508;AVENIDA Z QD 05 LT 04 ESQ C RUA 02;FENIX SERVICOS FUNERARIOS ASSISTENCIAIS LTDA;ISENTO;IUB;Base Bignotto;FENIX SERVICOS FUNERARIOS ASSISTENCIAIS;GO;20;64 9262-2135;07.759.571/0001-53;064 3453.7140;CALDAS NOVAS
314;JARDIM SAO BENEDITO;37600-000;GRUPO MOTTA E NOSSA;braganca@planomotta.com.br;3110608;RUA VEREADOR WALDOMIRO BUENO;GRUPO MOTTA E NOSSA SENHORA DO CARMO LTDA;ISENTO;IUB;Base Bignotto;GRUPO MOTTA E NOSSA SENHORA DO CARMO LT;MG;20;;11.381.459/0001-07;035 98376046;CAMBUI
370;CENTRO;37400-000;ADILSON DE P;contato@funerarianovotempo.com.br;3110905;RUA JOAO LUIZ ALVES;ADILSON DE PAULA PEREIRA - ME;002.001.155.00-90;IUB;Base Bignotto;ADILSON DE PAULA PEREIRA - ME;MG;20;035 3261-1396;14.322.249/0001-28;035 3261-2202;CAMPANHA
;SWIFT;13024-500;;difin@setec.sp.gov.br;3509502;PRACA VOLUNTARIOS DE 32;SETEC SERVICOS TECNICOS GERAIS;ISENTO;IUB;Base Bignotto;SETEC SERVICOS TECNICOS GERAIS;SP;20;019 3234-4186;49.413.800/0001-23;019 3734-6124;CAMPINAS
20;JD GUANCIALE;13236-070;ORGANIZAÇAO DE LUTO;whesleyolvp@gmail.com;3509601;AVENIDA DA SAUDADE;WMK SERVICOS FUNERARIOS LTDA;245129101112;IUB;Base Bignotto;WMK SERVICOS FUNERARIOS LTDA;SP;20;;43.720.974/0001-52;011 99604-5307;CAMPO LIMPO PAULISTA
487;PARQUER CONSELHEIRO;28035-100;FUNERARIA XV NOVEMBR;damianacesario@hotmail.com;3301009;AVENIDA AV 15 DE NOVEMBRO;A J P CHAGAS FLORICULTURA E SERVICOS FUNERARIOS LTDA;ISENTO;IUB;Base Bignotto;A J P CHAGAS FLORICULTURA E SERVICOS FUN;RJ;20;;43.557.315/0001-47;022 99848-8278;CAMPOS DOS GOYTACAZES
433;CENTRO;28010-271;VIAGEM DA PAZ;terezacoliveira2012@hotmail.com;3301009;RUA SALDANHA MARINHO;T J EMPREENDIMENTOS COMERCIO E SERVICOS LTDA;79.398.063;IUB;Base Bignotto;T J EMPREENDIMENTOS COMERCIO E SERVICOS;RJ;20;;13.435.354/0001-00;022 2726-5739;CAMPOS DOS GOYTACAZES
573;CENTRO;28035-042;FUNERARIA BOA VIAGEM;financeiro@planoboaviagem.com.br;3301009;R TENENTE CORONEL CARDOSO;J R B COM DE ARTIGOS FUNERARIOS LTDA EPP;84.715.52-2;IUB;Base Bignotto;J R B COM DE ARTIGOS FUNERARIOS LTDA EPP;RJ;20;;39.226.311/0001-09;(22)99939-8442;CAMPOS DOS GOYTACAZES
879;PARQUE RESIDENCIAL S;13360-000;FUNERARIA SAO JOAO;orgstarita@orgstarita.com.br;3510401;PRACA LUIZA MANZATTO FORTI;BURCKARTE & ZOCCA FUNERARIA LTDA;ISENTO;IUB;Base Bignotto;BURCKARTE & ZOCCA FUNERARIA LTDA;SP;20;;08.321.867/0001-50;(19) 3491-1022;CAPIVARI
887;PQ RESIDENCIAL SANTA;13366-206;ORG.CONSELVA;financeiro@planogrupounidas.com.br;3510401;PC LUIZA MANZATTO FORTI;ORGANIZACAO FUNERARIA CONSELVAN LTDA ME;ISENTO;IUB;Base Bignotto;ORGANIZACAO FUNERARIA CONSELVAN LTDA ME;SP;20;;52.105.483/0001-92;019 3491-1033;CAPIVARI
686;INDAIA;11665-600;FUNERAL SANTA FE;funeralsantafecaragua@gmail.com;3510500;AVENIDA AVENIDA RIO BRANCO;FUNERAL SANTA FE;ISENTO;IUB;Base Bignotto;FUNERAL SANTA FE;SP;20;;23.567.153/0002-00;11 94778-6980;CARAGUATATUBA
2370;VILA SANTA TEREZINHA;06311-001;FLORICULTURA FENIX;contato@contduarte.com.br;3510609;AVENIDA RUI BARBOSA;FLORICULTURA FENIX LTDA;255.827.752.118;IUB;Base Bignotto;FLORICULTURA FENIX LTDA;SP;20;;59.340.897/0001-45;(11) 4303-1760;CARAPICUIBA
123;CENTRO;28180-000;BEM VIVER ASSISTENCI;wlad.saf@ig.com.br;3301157;RUA VICENTE MAIOLINO;W. M. LOPES SERVICOS FUNERARIOS E ASSISTENCIA FAMILIAR LTDA;11726682;IUB;Base Bignotto;W. M. LOPES SERVICOS FUNERARIOS E ASSIST;RJ;20;;10.760.011/0001-23;022 2785-1673;CARDOSO MOREIRA
36;NOVA ROSA DA PENHA;29157-410;;funerariabompastor@live.com;3201308;RUA ONZE;BOM PASTOR SERVICOS FUNERARIOS E ASSISTENCIA FAMILIAR EIRELI;ISENTO;IUB;Base Bignotto;BOM PASTOR SERVICOS FUNERARIOS E ASSISTE;ES;20;;34.883.910/0001-81;27 3254-7553;CARIACICA
337;CAMPO GRANDE;29146-330;CRUZ ETERNA;sap@bignotto.com.br;3201308;RUA RUA BOLIVAR DE ABREU;FUNERARIA CRUZ ETERNA SERV POSTUMOS LTDA ME;ISENTO;IUB;Base Bignotto;FUNERARIA CRUZ ETERNA SERV POSTUMOS LTDA;ES;20;;39.823.927/0001-67;027 3336-6379;CARIACICA
219;CENTRO;13700-000;;douglasfaganelo@hotmail.com;3510807;RUA ALTINO ARANTES;FAGANELO E CIA LTDA ME;257.006.222.119;IUB;Base Bignotto;FAGANELO E CIA LTDA ME;SP;20;;45.505.492/0001-05;19 3671-1066;CASA BRANCA
637;PATRIMONIO;37980-000;FUNERARIA ORIENTE;funerariaorientecassia@gmail.com;3115102;RUA R CEL. SATURNINO PEREIRA;ASSOCIACAO MACONICA BENEFICENTE LIBERDADE E AMOR - AMBLA;ISENTO;IUB;Base Bignotto;ASSOCIACAO MACONICA BENEFICENTE LIBERDAD;MG;20;;11.316.162/0001-50;035 99921-8472;CASSIA
127;CENTRO;38390-000;PAX SERVICOS SOCIAIS;odenirfrancisco64@hotmail.com;3115805;RUA DOS MARQUES;MARIA FERREIRA DA SILVA - CPF 44751125672;1580486080046;IUB;Base Bignotto;MARIA FERREIRA DA SILVA - CPF 4475112567;MG;20;034 3267-1196;03.465.078/0001-70;034 3267-2607;CENTRALINA
;FAZENDA VITALI;29707-011;COMPANHIA BRASILEIRA;faleconosco@grupozelo.com;3201506;RUA DAS ACACIAS;COMPANHIA BRASILEIRA DE SERVICOS FUNERAR;ISENTO;IUB;Base Bignotto;COMPANHIA BRASILEIRA DE SERVICOS FUNERAR;ES;20;;27.630.446/0267-08;(31) 3314-8000;COLATINA
144;IDEAL;36415-000;GRUPO ZELO;darlan.silva@grupozelo.com.br;3118007;RUA IDEAL;COMPANHIA BRASILEIRA DE SERVICOS FUNERARIOS;ISENTO;IUB;Base Bignotto;COMPANHIA BRASILEIRA DE SERVICOS FUNERAR;MG;20;;27.630.446/0024-42;031 9635-2876;CONGONHAS
;QUILOMBINHO;13490-000;SSB ENERGIA;sap@bignotto.com.br;3512407;RODOVIA DR. CASSIO DE FREITAS LEVY KM 3;SSB ENERGIA RENOVAVEL LTDA;272.014.598.111;IUB;Base Bignotto;SSB ENERGIA RENOVAVEL LTDA;SP;20;19 3444-3390;53.905.543/0003-86;19 4103-1768;CORDEIROPOLIS
159;JARDIM BELA VISTA;13150-023;FUNERARIA IMPERIU'S;imperiusfuneraria@gmail.com;3512803;RUA AV 9 DE JULHO;ORGANIZACAO SOCIAL DE LUTO E PLANO ASSISTENCIAL FUNERIA IMPERIUS SAPATA LTDA;ISENTO;IUB;Base Bignotto;ORGANIZACAO SOCIAL DE LUTO E PLANO ASSIS;SP;20;;41.861.127/0001-82;019 99648-3489;COSMOPOLIS
820;CENTRO;15530-000;FUNERARIA GRANDES LA;escriband@hotmail.com;3512902;RUA VITORIO STACHISSINI;CLAUDEVIR PEIXE LTDA;277.057.861.112;IUB;Base Bignotto;CLAUDEVIR PEIXE LTDA;SP;20;;05.585.877/0001-05;017 3836-1114;COSMORAMA
253;CENTRO;14140-000;PREF.CRAVINHOS;nfe@cravinhos.sp.gov.br;3513108;RUA TIRADENTES;MUNICIPIO DE CRAVINHOS;ISENTO;IUB;Base Bignotto;MUNICIPIO DE CRAVINHOS;SP;20;;45.228.319/0001-07;016 3951-9900;CRAVINHOS
;SETOR ZONA SUL NOVA;73850-000;CLINICA DE TANATOPRA;funerariasc4190@hotmail.com;5206206;RUA 95;CLINICA DE TANATOPRAXIA E FUNERARIA LIMA FRANCO LTDA;ISENTO;IUB;Base Bignotto;CLINICA DE TANATOPRAXIA E FUNERARIA LIMA;GO;20;061 99832-8935;01.713.030/0001-08;061 3612-3690;CRISTALINA
193;CENTRO;37445-000;FUNERARIA CRUZILIA;valdosouza0@hotmail.com;3120805;RUA CORONEL CORNELIO MACIEL;VALDO DE SOUZA MACIEL 99227177604;002173702.00-09;IUB;Base Bignotto;VALDO DE SOUZA MACIEL 99227177604;MG;20;035 99918-4020;18.373.321/0001-05;035 3343-2823;CRUZILIA
248;VILA SANTA ROSA;11515-000;;acscont@litoral.com.br;3513504;AVENIDA HENRY BORDEN;ORGANIZACAO SAO LAZARO DE LUTO LTDA - ME;ISENTO;IUB;Base Bignotto;ORGANIZACAO SAO LAZARO DE LUTO LTDA - ME;SP;20;013 3323-5386;03.442.244/0001-12;013 3372-6173;CUBATAO
135;CENTRO;35790-000;GRUPO ZELO;faleconosco@grupozelo.com;3120904;RUA DOMINGOS VIANA;COMPANHIA BRASILEIRA DE SERVICOS FUNERARIOS LTDA;ISENTO;IUB;Base Bignotto;COMPANHIA BRASILEIRA DE SERVICOS FUNER;MG;20;;27.630.446/0034-14;;CURVELO
113;CENTRO;09911-010;FUNERAL SANTA FE;funeralsantafe@gmail.com;3513801;RUA ARTHUR SAMPAIO MOREIRA;FUNERAL SANTA FE LTDA;286.418.232.112;IUB;Base Bignotto;FUNERAL SANTA FE LTDA;SP;20;011 7707-1998;23.567.153/0001-10;011 4056-1060;DIADEMA
200;PQ JARDIM CAPITAO S.;35501-638;FUN DIVINOPOLIS;clebergontijo2011@hotmail.com;3122306;RODOVIA DOS BATISTAS;FUNERARIA DIVINOPOLIS LTDA;2231311820095;IUB;Base Bignotto;FUNERARIA DIVINOPOLIS LTDA;MG;20;37 9855-9609;04.371.612/0001-41;037 3212-7575;DIVINOPOLIS
60;CENTRO;35500-008;DIVINOPOLIS.;claudiogerencialuto@gmail.com;3122306;RUA PERNAMBUCO;PREFEITURA MUNICIPAL DE DIVINOPOLIS;ISENTO;IUB;Base Bignotto;PREFEITURA MUNICIPAL DE DIVINOPOLIS;MG;20;037 3229-5000;18.291.351/0001-64;037 3229-6675;DIVINOPOLIS
266;CENTRO;37142-000;DIVISA NOVA;charmsmodasdn@gmail.com;3122405;RUA PARANA;FUNERARIA DIVISA NOVA LTDA ME;0016308700037;IUB;Base Bignotto;FUNERARIA DIVISA NOVA LTDA ME;MG;20;;07.826.049/0001-47;035 3286-1114;DIVISA NOVA
184;BAIRRO;79800-000;UEMURA;funerariadourados@hotmail.com;5003702;RUA HILDA BERGO DUARTE;UEMURA E SAMPAIO LTDA;28.287.903-0;IUB;Base Bignotto;UEMURA E SAMPAIO LTDA;MS;20;;73.737.678/0001-25;067 3421-6071;DOURADOS
244;JARDIM AMERICA;13445-272;NOVACANAA;paula.simone.funeraria@outlook.com;3515152;RUA MINAS GERAIS;FUNERARIA NOVA CANAA LTDA ME;ISENTO;IUB;Base Bignotto;FUNERARIA NOVA CANAA LTDA ME;SP;20;019 98312-2631;18.078.495/0001-37;019 3857-2072;ENGENHEIRO COELHO
300;CENTRO;32800-076;FUNERARIA SANTA QUIT;carlos@carloscampelocontabildiade.com.br;3124104;RUA DOS EXPEDICIONARIOS;FUNERARIA SANTA QUITERIA LTDA;ISENTO;IUB;Base Bignotto;FUNERARIA SANTA QUITERIA LTDA;MG;20;;48.579.065/0001-60;031 3538-1844;ESMERALDAS
201;CENTRO;13990-085;FUNERARIA SAO DIMAS;taniavital@uol.com.br;3515186;RUA TEIXEIRA RIOS;FUNERARIA PARQUE DAS ACACIAS LTDA ME;ISENTO;IUB;Base Bignotto;FUNERARIA PARQUE DAS ACACIAS LTDA ME;SP;20;;01.624.612/0001-18;019 3651-5889;ESPIRITO SANTO DO PINHAL
30;VILA NOVA ESTIVA;13857-148;FUNERARIA BRANDINOS;bmcapoioempresarial@yahoo.com.br;3557303;RUA RUA ALFREDO LANZI;JONES BRANDINO DOS SANTOS FILHO 40880804831;746.019.331.114;IUB;Base Bignotto;JONES BRANDINO DOS SANTOS FILHO 40880804;SP;20;;39.363.764/0001-87;019 97151-0689;ESTIVA GERBI
2034;CENTRO;15600-000;ROMA;roma.ac@terra.com.br;3515509;AVENIDA AFONSO CAFARO;ORGANIZACAO SOCIAL DE LUTO VOTUPORANGA LTDA ME;ISENTO;IUB;Base Bignotto;ORGANIZACAO SOCIAL DE LUTO VOTUPORANGA L;SP;20;;49.983.166/0003-26;017 3442.6364;FERNANDOPOLIS
2555;CORINTO;15600-000;EMPRESA FUNERARIA FE;renatocolombano@hotmail.com.br;3515509;AVENIDA AFONSO CAFARO;COLOMBANO E COLOMBANO FUNERARIA LTDA;304.035.948.110;IUB;Base Bignotto;COLOMBANO E COLOMBANO FUNERARIA LTDA;SP;20;17 3442-1224;67.457.150/0001-08;17 3442-4822;FERNANDOPOLIS
4350;RIBERIRAO DA ILHA;88064-002;MAICON TEODORO DOS;;4205407;RODOVIA BALDICEO FILOMENO;MAICON TEODORO DOS SANTOS DA SILVA;ISENTO;IUB;Base Bignotto;MAICON TEODORO DOS SANTOS DA SILVA;SC;20;;49.845.950/0001-06;;FLORIANOPOLIS
853;SETOR CENTRAL;73801-680;PORTAL DO SOL;felisminof@hotmail.com;5208004;PRACA DA CONCORDIA;PORTAL DO SOL ADMINISTRACAO E SERVICOS FUNERARIOS LTDA;ISENTO;IUB;Base Bignotto;PORTAL DO SOL ADMINISTRACAO E SERVICOS F;GO;20;061 9981-1154;74.138.470/0001-52;061 3631-2033;FORMOSA
2243;CENTRO;14400-730;R.R.J.;rivapai@hotmail.com;3516200;RUA DR JULIO CARDOSO;R R J SERVICOS FUNERARIOS LTDA ME;310.373.985.113;IUB;Base Bignotto;R R J SERVICOS FUNERARIOS LTDA ME;SP;20;16 98119-0173;05.792.565/0001-72;016 3723-4141;FRANCA
119;BAIRRO;38200-000;FUNERARIA FRUTALENSE;frutalense@frutalense.com.br;3127107;PRACA NOSSA SENHORA DA ABADIA;FUNERARIA FRUTALENSE LTDA;0048140700053;IUB;Base Bignotto;FUNERARIA FRUTALENSE LTDA;MG;20;;42.968.545/0001-36;34 3421 0011;FRUTAL
1110;CENTRO;15300-000;MICHELI;alexandrerao@hotmail.com;3516903;AV PLINIO RIBEIRO DO VAL;RAO ADM DE PLANOS FUNERARIOS E ASS. FAMILIAR LTDA;ISENTO;IUB;Base Bignotto;RAO ADM DE PLANOS FUNERARIOS E ASS. FAM;SP;20;17 99623-3584;48.266.324/0001-00;17 3832-3097;GENERAL SALGADO
1255;SET AEROPORTO;74070-100;PAX SILVA;financeiro@paxsilva.com.br;5208707;RUA 17A;FLOR DE LIS SERVICOS POSTUMOS LTDA;ISENTO;IUB;Base Bignotto;FLOR DE LIS SERVICOS POSTUMOS LTDA;GO;20;;01.439.579/0001-56;062 99628-0331;GOIANIA
576;ST CENTRAL QD 27 LT;74465-539;FENIX ADMINISTRACAO;goiania@funerariafenix.com.br;5208707;RUA 5;FENIX ADMINISTRACAO DE SERVICOS LTDA;ISENTO;IUB;Base Bignotto;FENIX ADMINISTRACAO DE SERVICOS LTDA;GO;20;062 98559-6368;01.489.806/0001-58;062 3224-8686;GOIANIA
49;CENTRO;76600-000;PAX DO BRASIL;leda.ls21@gmail.com;5208905;RUA 15 DE NOVEMBRO;LEDA MARIA DOS SANTOS EIRELLI;102250405;IUB;Base Bignotto;LEDA MARIA DOS SANTOS EIRELLI;GO;20;;15.966.476/0001-59;062 99630-9791;GOIAS
129;JARDIM BEIRUTE;07141-435;JM COMERCIO;ednilson_m13@hotmail.com;3518800;RUA ERENITE JOAQUIM DE OLIVEIRA;JULIANA ANDRIO MENDES DE CARVALHO;127885184117;IUB;Base Bignotto;JULIANA ANDRIO MENDES DE CARVALHO;SP;20;;50.491.739/0001-11;011 98111-3217;GUARULHOS
1408;PORTAL DOS GRAMADOS;07124-000;G C ASSISTENCIA FUNE;gcfuneraria@gmail.com;3518800;RUA AV BENJAMIN HARRIS HUNNICUTT;G C ASSISTENCIA FUNERARIA LTDA;ISENTO;IUB;Base Bignotto;G C ASSISTENCIA FUNERARIA LTDA;SP;20;;36.998.252/0001-07;011 94017-5346;GUARULHOS
626;JARDIM VILA GALVAO;07054-040;GHS PRIME COMERCIO D;gilvan@contfy.com;3518800;AV FAUSTINO RAMALHO;GENILSON GERMANO DA SILVA 30758392800;796.822.591.110;IUB;Base Bignotto;GENILSON GERMANO DA SILVA 30758392800;SP;20;;32.232.079/0001-72;11 95806-1644;GUARULHOS
412;JARDIM SANTA FRANCIS;07013-000;ONOKAWA SERVICOS FUN;artur.onodera@gmail.com;3518800;AV AV ANIELLO PRATICI;ONOKAWA GESTAO DE PROCESSOS FUNERARIOS LTDA;796.266.778.112;IUB;Base Bignotto;ONOKAWA GESTAO DE PROCESSOS FUNERARIOS L;SP;20;;21.131.781/0001-23;011 95945-4669;GUARULHOS
90;JD BOM CLIMA;07196-220;PREF.M.GUARULHOS;fernandoalonso@guarulhos.sp.gov.br;3518800;AV BOM CLIMA;MUNICIPIO DE GUARULHOS;ISENTO;IUB;Base Bignotto;MUNICIPIO DE GUARULHOS;SP;20;011 2423-8617;46.319.000/0001-50;011 2468-7211;GUARULHOS
1350;LOTEAMENTO REMANSO;13184-420;;regulatorio@grupozelo.com;3519071;RUA LUIZ CAMILO DE CAMARGO;COMPANHIA BRASILEIRA DE SERVICOS FUNERARIOS LTDA;ISENTO;IUB;Base Bignotto;COMPANHIA BRASILEIRA DE SERVICOS FUNERAR;SP;20;;27.630.446/0291-38;031 3314-8000;HORTOLANDIA
71;CENTRO;38950-000;FUNERARIA SAO JOSE;saojose.funeraria@yahoo.com.br;3129509;RUA ELPIDIO JOSE DOS SANTOS;ORGANIZACAO DE SERVICOS SOCIAL DE LUTO SAO JOSE LTDA;295.133.137.00-41;IUB;Base Bignotto;ORGANIZACAO DE SERVICOS SOCIAL DE LUTO S;MG;20;;41.717.026/0001-32;034 3631-1554;IBIA
802;SENHORA DE FATIMA;32900-000;ALPHA TANATO;pazevidaassistencial@gmail.com;3130101;RUA CRISTIANO MACHADO;PAZ E VIDA ASSISTENCIAL LTDA;0025811380038;IUB;Base Bignotto;PAZ E VIDA ASSISTENCIAL LTDA;MG;20;;18.789.086/0001-49;031 3534-4116;IGARAPE
250;CENTRO;12350-000;SERENITY ASSISTENCIA;wlcontabilidadejac@terra.com.br;3520202;RUA EUCLIDES PRIANTI CHAVES;IRMA CLISEIDE DE SOUZA LTDA;350.007.224.111;IUB;Base Bignotto;IRMA CLISEIDE DE SOUZA LTDA;SP;20;11 91862-5539;15.390.539/0001-71;(12) 3951-1166;IGARATA
103;CENTRO;11920-000;FUNERARIA BOM JESUS;bomjesusigp2020@gmail.com;3520301;RUA TENENTE CORONEL ZACARIAS;GLORIA MARQUES DE AGUIAR NOBREGA ME;351.003.589.117;IUB;Base Bignotto;GLORIA MARQUES DE AGUIAR NOBREGA ME;SP;20;;51.066.074/0001-61;013 3841-1271;IGUAPE
855;CENTRO;13330-210;FUNERARIA MATTIONI;funerariamattioni@terra.com.br;3520509;RUA PEDRO GONCALVES;SESOMA SERVICO DE APOIO FAMILIAR MATTIONI SS LTDA;ISENTO;IUB;Base Bignotto;SESOMA SERVICO DE APOIO FAMILIAR MATTION;SP;20;;49.452.113/0001-17;019 3875-9049;INDAIATUBA
274;CENTRO;35330-000;FUNERARIA J.K.;djjusceliomarcos@gmail.com;3130903;RUA OSVALDO SILVA ARAUJO;SONIA DALVA DE FREITAS ROSA;309.761.190.00-66;IUB;Base Bignotto;SONIA DALVA DE FREITAS ROSA;MG;20;;02.626.702/0001-00;033 3315-1693;INHAPIM
1;CENTRO;35160-010;GRUPO ZELO;regulatorio@grupozelo.com;3131307;RUA CLAUDIO MOURA;COMPANHIA BRASILEIRA DE SERVICOS FUNERARIOS LTDA;ISENTO;IUB;Base Bignotto;COMPANHIA BRASILEIRA DE SERVICOS FUNERAR;MG;20;;27.630.446/0106-23;031 3314-8000;IPATINGA
555;CENTRO;37588-000;JAIR VOLTAN;cicerocontabilidadecanaa@yahoo.com.br;3131505;AVENIDA JK DE OLIVEIRA;JAIR VOLTAN 02458428886;0039552400040;IUB;Base Bignotto;JAIR VOLTAN 02458428886;MG;20;;40.602.901/0001-78;035 99960-5395;IPUIUNA
128;BOA VIAGEM;35452-046;FUNERARIA PAX DE ITA;contabilidadehelenicemaia@gmail.com;3131901;RUA SETE DE SETEMBRO;FUNERARIA PAX DE ITABIRITO LTDA;ISENTO;IUB;Base Bignotto;FUNERARIA PAX DE ITABIRITO LTDA;MG;20;;45.880.162/0001-08;(31) 9745-5881;ITABIRITO
355;BOA VIAGEM;35452-034;ZELO;regulatorio@grupozelo.com;3131901;RUA ANTONIO CARLOS;COMPANHIA BRASILEIRA DE SERVICOS FUNERARIOS LTDA;ISENTO;IUB;Base Bignotto;COMPANHIA BRASILEIRA DE SERVICOS FUNERAR;MG;20;;27.630.446/0088-07;0031 3519-3395;ITABIRITO
66;CENTRO;23810-505;CENTRAL PAX FUNERARI;centralpaxassistencia@gmail.com;3302007;AVENIDA NILO PECANHA;TIAGO P. DOS REIS FUNERARIA LTDA;15120550;IUB;Base Bignotto;TIAGO P. DOS REIS FUNERARIA LTDA;RJ;20;;14.089.829/0001-17;021 3952-6643;ITAGUAI
1276;CENTRO;18730-000;FUNERARIA DOIS IRMAO;fundoisirmaos02@hotmail.com;3521804;RUA JOSE SILVEIRA MELO;EDNEI ANTONIO LEME ITAI;366.070.941.110;IUB;Base Bignotto;EDNEI ANTONIO LEME ITAI;SP;20;014 3761-1571;05.009.991/0001-97;014 3761-1785;ITAI
155;CENTRO;18200-280;CAMARGO;martins@planocamargo.com.br;3522307;RUA SAO VICENTE DE PAULA;EMPRESA FUNERARIA CAMARGO LTDA;371.002.374.110;IUB;Base Bignotto;EMPRESA FUNERARIA CAMARGO LTDA;SP;20;;49.697.527/0001-06;015 3275-7446;ITAPETININGA
34;JARDIM BRIQUET;06655-250;NOVA PAX;sionariaoliveira61@gmail.com;3522505;RUA R SABIA;SIONARIA COSME DA CRUZ DE OLIVEIRA 07010981558;373.327.094.112;IUB;Base Bignotto;SIONARIA COSME DA CRUZ DE OLIVEIRA 07010;SP;20;;45.456.174/0001-00;011 97681-5412;ITAPEVI
69;CENTRO;13974-340;EMPRESA FUNERARIA SA;vancslo@yahoo.com.br;3522604;RUA RUI BARBOSA;EMPRESA FUNERARIA SAO LUIZ ITAPIRA LTDA-ME;374.002.871.114;IUB;Base Bignotto;EMPRESA FUNERARIA SAO LUIZ ITAPIRA LTDA-;SP;20;;48.620.769/0001-39;019 3863-0605;ITAPIRA
220;CENTRO;13250-030;FUNERARIA ORDINE ASS;ita.escritorio@bol.com.br;3523404;RUA ANTONIO ALVES;FABIO MALHEIROS ORDINE;ISENTO;IUB;Base Bignotto;FABIO MALHEIROS ORDINE;SP;20;11 97390-9194;44.222.176/0001-63;11 4538-2842;ITATIBA
34;CENTRO;13253-000;ORGANIZACAO DE LUTO;olvpvarzea@gmail.com;3523404;AVENIDA DA SAUDADE;FUNERARIA OLVP LTDA-ME;382.054.821.114;IUB;Base Bignotto;FUNERARIA OLVP LTDA-ME;SP;20;011 9907-7028;02.142.893/0001-35;011 4534.2100;ITATIBA
3539;SAO JUDAS TADEU;35681-327;;sotec@soteccontabilidade.com.br;3133808;AVENIDA SAO JOAO;FUNERARIA NOSSA SENHORA APARECIDA DE ITA;ISENTO;IUB;Base Bignotto;FUNERARIA NOSSA SENHORA APARECIDA DE ITA;MG;20;;20.893.863/0003-04;(37) 3241-1256;ITAUNA
10;CENTRO;13530-000;GRUPO SANTA FE FUNER;nathalia.ca@hotmail.com;3523602;AV AV DOIS;MARIA HELENA RIZZATTO AFONSO;384.031.590.110;IUB;Base Bignotto;MARIA HELENA RIZZATTO AFONSO;SP;20;;51.018.156/0001-30;19 99688-0559;ITIRAPINA
282;CENTRO;13530-000;FUNERARIA SAO JUDAS;funerariasaojudastadeu@gmail.com;3523602;AVENIDA QUATRO;LOURIVAL DOS SANTOS PIRES JUNIOR FUNERARIA;384.004.760.115;IUB;Base Bignotto;LOURIVAL DOS SANTOS PIRES JUNIOR FUNERAR;SP;20;019 99688-2178;60.432.309/0001-82;019 3575-1121;ITIRAPINA
9;JD ALBERTO GOMES;13311-170;FUNERARIA BARBIERI;edson@commais.com.br;3523909;ALAMEDA ALICE;EMPRESA FUNERARIA BARBIERI DE ITU LTDA EPP;ISENTO;IUB;Base Bignotto;EMPRESA FUNERARIA BARBIERI DE ITU LTDA E;SP;20;;50.228.121/0001-63;011 4022-2024;ITU
342;JD SO VICENTE;13295-000;;ilsonolivirasantos2020@gmail.com;3524006;RUA ANTONIO POLI RUA ANTONIO POLI;CONVENIOS E PLANOS ASSISTENCIAIS ROSA SANTOS LTDA;388.114.055.112;IUB;Base Bignotto;CONVENIOS E PLANOS ASSISTENCIAIS ROSA SA;SP;20;;18.249.164/0001-12;011 4525-0303;ITUPEVA
211;CENTRO;14870-115;FUNERARIA SANTA ISAB;spresotti@uol.com.br;3524303;AVENIDA BENTO VIEIRA;BERLINGIERI E CIA LTDA ME;ISENTO;IUB;Base Bignotto;BERLINGIERI E CIA LTDA ME;SP;20;016 3202-0850;50.381.037/0001-85;016 3202-0950;JABOTICABAL
75;JARDIM LINDOMAR;06602-370;PAX BRASIL FUNERARIA;resedaimperio@gmail.com;3525003;R NICOLAU MAYEVSKY;PAX BRASIL SERVICOS FUNERARIOS LTDA;398.268.339.116;IUB;Base Bignotto;PAX BRASIL SERVICOS FUNERARIOS LTDA;SP;20;11 96276-6979;52.158.922/0001-25;(11) 6838-5580;JANDIRA
106;JARDIM MASE;06604-160;MARCELO XIMENES SILV;servicofuneral@gmail.com;3525003;RUA DOUTOR PAIVA MEIRA;FUNERARIA XIMENES ASSISTENCIA E AUXILIO FUNERAL LTDA;398.055.060.118;IUB;Base Bignotto;FUNERARIA XIMENES ASSISTENCIA E AUXILIO;SP;20;;18.523.320/0001-91;11 7430-9476;JANDIRA
4;VILA CECILIA;06602-150;;alessandro-dutra@outlook.com;3525003;RUA JOAO DEL MOURA;ALESSANDRO HENRIQUE DUTRA 17949554886;398.240.249.110;IUB;Base Bignotto;ALESSANDRO HENRIQUE DUTRA 17949554886;SP;20;;20.471.127/0001-04;011 97294-7882;JANDIRA
236;VILA ANITA COSTA;06600-170;FUNERARIA PARAISO;funerariaparaiso@uol.com.br;3525003;AVENIDA ALBERTO RUFFOLO;FUNERARIA PARAISO JANDIRA EIRELI;ISENTO;IUB;Base Bignotto;FUNERARIA PARAISO JANDIRA EIRELI;SP;20;;06.249.766/0001-90;011 3903-8806;JANDIRA
;ZONA RURAL;14680-000;PREVER CAMPOS ELISEO;mara@familiaprever.com.br;3525102;ROD CANDIDO PORTINARI S/N;AMPAF - AMPARO E ASSISTENCIA A FAMILIA - PLANOS DE AUXILIO FUNERAL LTDA;ISENTO;IUB;Base Bignotto;AMPAF - AMPARO E ASSISTENCIA A FAMILIA -;SP;20;016 99301-5942;10.315.449/0001-00;016 3434-1000;JARDINOPOLIS
830;CENTRO;75800-017;FUNERARIA ALFAIX;carlosalbertoalfaix@hotmail.com;5211909;AVENIDA DEP COSTA LIMA;SOCIAL DE LUTO ALFAIX LTDA;10.262.068-7;IUB;Base Bignotto;SOCIAL DE LUTO ALFAIX LTDA;GO;20;;74.184.524/0001-16;064 3631-2746;JATAI
29;QD B LT D SETOR ANTE;75805-085;PAX FUNERARIA SANTA;pax.santafe@outlook.com;5211909;RUA PADRE FEIJO;PAX FUNERARIA SANTA FE LTDA;ISENTO;IUB;Base Bignotto;PAX FUNERARIA SANTA FE LTDA;GO;20;;02.653.525/0001-51;064 3631-3879;JATAI
428;CARNEIRINHOS;35930-478;FUNERARIA BOMFIM;real.pax@bol.com.br;3136207;AVENIDA GENTIL BICALHO;FUNERARIA BOMFIM JOAO MONLEVADE LTDA;003288113.00-11;IUB;Base Bignotto;FUNERARIA BOMFIM JOAO MONLEVADE LTDA;MG;20;;00.702.987/0001-96;031 3851-3113;JOAO MONLEVADE
10;OLARIA;12607-020;SAGRADOS CORACOES;agenciafunerariasc.lorena@gmail.com;3527207;AV CAPITAO MESSIAS RIBEIRO;FUNERARIA SAGRADOS CORACOES LTDA;420.231.660.114;IUB;Base Bignotto;FUNERARIA SAGRADOS CORACOES;SP;20;;58.087.953/0001-19;(12) 3152-7543;LORENA
632;CENTRO;12600-100;;suportesantaclaracristiane@hotmail.com;3527207;RUA RUA DOM BOSCO;PAROTHEFON - COMERCIO DE URNAS MORTUARIAS, VELORIO E FLORICULTURA LTDA;420.191.037.119;IUB;Base Bignotto;PAROTHEFON - COMERCIO DE URNAS MORTUARIA;SP;20;;08.247.359/0008-46;12 3144-0242;LORENA
;PARQUE INDUSTRIAL MI;72855-076;FUNERARIA BOM PASTOR;bompastorjiadm@gmail.com;5212501;RUA Q 76;BOM PASTOR JI SERVICOS FUNERARIOS LTDA;ISENTO;IUB;Base Bignotto;BOM PASTOR JI SERVICOS FUNERARIOS LTDA;GO;20;;30.666.557/0001-27;061 99171-8063;LUZIANIA
311;CENTRO;27913-060;FUNERARIA BOA VIAGEM;financeiro@planoboaviagem.com.br;3302403;RUA DR JOAO CUPERTINO;J R B COMERCIO DE ARTIGOS FUNERARIOS LTDA;ISENTO;IUB;Base Bignotto;J R B COMERCIO DE ARTIGOS FUNERARIOS LTD;RJ;20;022 2762-9508;39.226.311/0002-90;022 2737-6027;MACAE
133;SAO PEDRO;35420-000;FUNERARIA SAO LUIZ;mirandam@uai.com.br;3140001;RUA R RAIMUNDO GAMARANO;ROMEU DE OLIVEIRA MIRANDA - CPF 38512475668;ISENTO;IUB;Base Bignotto;ROMEU DE OLIVEIRA MIRANDA - CPF 38512475;MG;20;031 98302-7223;25.290.263/0001-03;031 3557-1924;MARIANA
90;JARDIM PEDROSO;09340-440;GENESIS NEGOCIOS E S;triagem@copanabc.com.br;3529401;RUA CATANDUVA;GENESIS NEGOCIOS E SERVICOS LTDA;442.717.398-117;IUB;Base Bignotto;GENESIS NEGOCIOS E SERVICOS LTDA;SP;20;;53.274.781/0001-79;11 4717 3297;MAUA
205;CENTRO;09371-900;PREF.MAUA;compras.ssu@maua.sp.gov.br;3529401;AVENIDA JOAO RAMALHO;PREFEITURA MUNICIPAL DE MAUA;ISENTO;IUB;Base Bignotto;PREFEITURA MUNICIPAL DE MAUA;SP;20;011 4512-7828;46.522.959/0001-98;011 4514-7399;MAUA
208;CENTRO;36790-000;ROGERIO COELHO DE AL;santoantoniofuneraria@hotmaill.com;3142205;RUA ARTUR BERNARDES;ROGERIO COELHO DE ALBUQUERQUE 01226705669;004412882.00-91;IUB;Base Bignotto;ROGERIO COELHO DE ALBUQUERQUE 0122670566;MG;20;;47.491.969/0001-76;032 98426-0885;MIRAI
1460;VILA MARIANA;13730-240;FUNERARIA MOCOCA;funerariamococa@yahoo.com.br;3530508;AVENIDA DA SAUDADE;FUNERARIA MOCOCA LTDA;ISENTO;IUB;Base Bignotto;FUNERARIA MOCOCA LTDA;SP;20;19 99337-1339;01.170.037/0001-20;019 3665-3335;MOCOCA
10;TAIACUPEBA;08765-020;ASSISTENCIA FUNERARI;cleitonycanuto@gmail.com;3530607;RUA VIRGINIA EUGENIA G. AUERBACH;CLEYTON YUKIO CANUTO FUGIMOTO;454.761.235.111;IUB;Base Bignotto;CLEYTON YUKIO CANUTO FUGIMOTO;SP;20;;15.268.951/0001-13;(11) 3023-4042;MOGI DAS CRUZES
229;LOTE;13840-103;;;3530706;RUA NUNES PEDROSA;SILVIA MARIA CANDIDO LTDA;455.330.770.117;IUB;Base Bignotto;SILVIA MARIA CANDIDO LTDA;SP;20;;66.952.292/0001-70;(19) 9771-0041;MOGI GUACU
1227;CENTRO;13800-033;FUNERARIA MOGIANA;funerariamogiana@hotmail.com;3530805;RUA PADRE ROQUE;G C DE FREITAS GONCALVES ME;456.153.367.112;IUB;Base Bignotto;G C DE FREITAS GONCALVES ME;SP;20;;08.549.699/0001-55;019 3806-2215;MOGI MIRIM
139;CENTRO;13800-000;PORTIOLI R.R ASSISTA;funerariaportioli@hotmail.com.br;3530805;R PADRE ROQUE;PORTIOLI R.R ASSISTENCIA FUNERAL LTDA;456.266.393.116;IUB;Base Bignotto;PORTIOLI R.R ASSISTENCIA FUNERAL LTDA;SP;20;;51.361.202/0001-08;019 9666-9370;MOGI MIRIM
671;CENTRO;15910-000;SANTA IZILDINHA;funerariasantaizildinha@montealto.net;3531308;RUA JEREMIAS DE PAULA EDUARDO;ORGANIZACAO FUNERARIA SANTA IZILDINHA LTDA;461.116.085.114;IUB;Base Bignotto;ORGANIZACAO FUNERARIA SANTA IZILDINHA;SP;20;016 3242.2121;52.690.336/0001-27;016 3241-1900;MONTE ALTO
632;CENTRO;38500-000;EMPRESA FUNERARIA PA;paxcarmelitana@live.com;3143104;AVENIDA DONA CLARA;CLAUDOMIRO PINHEIRO;001037047.00-79;IUB;Base Bignotto;CLAUDOMIRO PINHEIRO;MG;20;;08.712.120/0001-23;034 3842-8983;MONTE CARMELO
400;CENTRO;13190-090;EMPRESA FUNERARIA MO;financeiro@planogrupounidas.com.br;3531803;RUA SALOMAO HADAD BARUQUE;EMPRESA FUNERARIA MONTE MOR LTDA;ISENTO;IUB;Base Bignotto;EMPRESA FUNERARIA MONTE MOR LTDA;SP;20;;56.260.326/0001-02;(19) 3491-5040;MONTE MOR
34;CENTRO;13260-023;GSM;gsplanos@hotmail.com;3532009;RUA PEREIRA CARDOSO;GSM ASSISTENCIA FUNERAL LTDA ME;468.009.284.119;IUB;Base Bignotto;GSM ASSISTENCIA FUNERAL LTDA ME;SP;20;;05.070.361/0001-28;011 4014-6559;MORUNGABA
;PARQUE DAS AMERICAS;75460-000;FENIX FUNERARIA;atendimento@meuescritoriocontabil.com;5214507;AV AMELIA LOPES DE OLIVEIRA;FENIX SERVICOS POSTUMOS LTDA;200213849;IUB;Base Bignotto;FENIX SERVICOS POSTUMOS LTDA;GO;20;;35.099.853/0001-07;062 9876-7059;NEROPOLIS
51;NOVA CIDADE;26530-190;FUNERARIA FLORESCER;jorgepauloriopax@gmail.com;3303203;RUA JOAQUINA DE ALBUQUERQUE;FUNERARIA J R LTDA;ISENTO;IUB;Base Bignotto;FUNERARIA J R LTDA;RJ;20;;48.447.766/0001-45;(21) 7551-6759;NILOPOLIS
344;BARRETO;24110-256;ASSISTENCIA FUNERARI;sandro-bacellar@hotmail.com;3303302;R GENERAL CASTRIOTO;ASSISTENCIA FUNERARIA SAFIR NITEROI LTDA;15.225.42-4;IUB;Base Bignotto;ASSISTENCIA FUNERARIA SAFIR NITEROI LTDA;RJ;20;;57.503.700/0001-16;(21)98692-4890;NITEROI
;NITEROI;24110-256;FLORES DA CAMELIA DE;;3303302;RUA GENERAL CASTRIOTO -426;FLORES DA CAMELIA DE NITEROI E SERVICOS FUNERARIOS LTDA;77.882.35-9;IUB;Base Bignotto;FLORES DA CAMELIA DE NITEROI E SERV FUN;RJ;20;;31.302.342/0001-90;;NITEROI
380;BARRETO;24110-256;FLORICULTURA AMORIM;ralfradique@yahoo.com.br;3303302;RUA GENERAL CASTRIOTO;FUNERARIA E FLORICULTURA AMORIM LTDA;86.993.92-9;IUB;Base Bignotto;FUNERARIA E FLORICULTURA AMORIM LTDA;RJ;20;21 97975-3459;23.027.676/0001-74;021 2625-7966;NITEROI
99;CENTENARIO;35920-000;;contabilidadeduarte@globo.com;3144706;RUA OSCAR DE ARAUJO;FUNERARIA ALVES LTDA;ISENTO;IUB;Base Bignotto;FUNERARIA ALVES LTDA;MG;20;031 99636-1213;25.401.894/0002-33;031 3861-1857;NOVA ERA
99;CENTRO;26041-190;SAO SALVADOR;funerariasaosalvador@hotmail.com;3303500;RUA SOROCABA;FUNERARIA SAO SALVADOR LTDA;ISENTO;IUB;Base Bignotto;FUNERARIA SAO SALVADOR LTDA;RJ;20;;28.669.786/0006-68;021 2767-1268;NOVA IGUACU
116;CENTRO;34000-000;FUN NOVA LIMA;patioliveiranl@hotmail.com;3144805;RUA R DOUTOR ANIBAL DE MORAES QUINTAO;SERVICO FUNERARIO DE NOVA LIMA LTDA;4482923350075;IUB;Base Bignotto;SERVICO FUNERARIO DE NOVA LIMA LTDA;MG;20;;02.954.241/0001-03;031 3541-1599;NOVA LIMA
289;JARDIM CAMPOS VERDES;13385-752;FUNERARIA COSTA E LI;funerariacostaelima@gmail.com;3533403;RUA RUA LEONEL GUEDES;FUNERARIA COSTA E LIMA LTDA;482.160.942.115;IUB;Base Bignotto;FUNERARIA COSTA E LIMA LTDA;SP;20;;55.662.941/0001-82;011 99541-0670;NOVA ODESSA
61;CENTRO;13460-000;FUNERARIA ELXADAI;contato.funerariaelshaday@gmail.com;3533403;RUA ACHIETA;FUNERARIA ELXADAIA EIRELI;482.069.661.113;IUB;Base Bignotto;FUNERARIA ELXADAIA EIRELI;SP;20;;28.220.868/0001-16;019 3466-3767;NOVA ODESSA
;CENTRO;76285-000;FUNERARIA NOVO BRASI;contmore@hotmail.com;5215207;RUA DOM ABEL;R V DA SILVA O GOIANO;ISENTO;IUB;Base Bignotto;R V DA SILVA O GOIANO;GO;20;62 98631-0446;02.065.043/0001-80;62 3381-1418;NOVO BRASIL
;PARQUE ESTRELA DALVA;72860-483;FUNERARIAS PAX BRASI;funerariapaxbrasilia@gmail.com;5215231;RUA Q QUADRA 520, S N;PAX BRASILIA ASSISTENCIA FUNERAL LTDA;ISENTO;IUB;Base Bignotto;PAX BRASILIA ASSISTENCIA FUNERAL LTDA;GO;20;;35.502.852/0001-61;061 99297-6882;NOVO GAMA
;NUCLEO HABITACIONAL;72860-003;FUNERARIA PAX PREVER;mncontabilidade@yahoo.com.br;5215231;AVENIDA CENTRAL;PAX ASSISTENCIA POSTUMAS LTDA;10.561.312-6;IUB;Base Bignotto;PAX ASSISTENCIA POSTUMAS LTDA;GO;20;061 9168-1404;17.312.533/0001-01;061 3384-5326;NOVO GAMA
906;CENTRO;15400-000;ANTONIETA;migueladaud1@gmail.com;3533908;RUA DAVID DE OLIVEIRA;BONINI E DAUD OLIMPIA LTDA - ME;ISENTO;IUB;Base Bignotto;BONINI E DAUD OLIMPIA LTDA - ME;SP;20;17 99791-2150;45.260.916/0001-19;17 3281-1173;OLIMPIA
158;VILA CAMPESINA;06023-070;AQUARELLI ATENDIMENT;contabilidadereale@gmail.com;3534401;RUA RUA ATILIO DELANINA;ALINE DAIANE NORONHA AQUARELLI;120.173.230.114;IUB;Base Bignotto;ALINE DAIANE NORONHA AQUARELLI;SP;20;;36.059.805/0001-58;011 99754-9276;OSASCO
300;VILA CAMPESINA;06023-901;PREF.OSASCO;edineris.sso@osasco.sp.gov.br;3534401;AVENIDA BUSSOCABA;PREFEITURA DO MUNICIPIO DE OSASCO;ISENTO;IUB;Base Bignotto;PREFEITURA DO MUNICIPIO DE OSASCO;SP;20;011 3652.9226;46.523.171/0001-04;011 3652-9000;OSASCO
1404;CENTRO;36420-000;FUNERARIA SAO JORGE;lucianotr7@oi.com.br;3145901;R SANTO ANTONIO;FUNERARIA SAO JORGE LTDA;ISENTO;IUB;Base Bignotto;FUNERARIA SAO JORGE LTDA;MG;20;;16.548.604/0012-60;031 3769-1803;OURO BRANCO
50;CENTRO;19970-000;FUNERARIA SANTA TERE;funerariasantaterezinha2008@hotmail.com;3535309;RUA JOAO MOREIRA DA SILVA;FUNERARIA SANTA TEREZINHA LTDA - ME;501.001.636.112;IUB;Base Bignotto;FUNERARIA SANTA TEREZINHA LTDA - ME;SP;20;;49.855.877/0001-53;018 3351-1034;PALMITAL
138;CENTRO;25850-000;CASA FUNERARIA LYRIO;;3303708;RUA TIRADENTES;CASA FUNERARIA LYRIO;80.783.46-9;IUB;Base Bignotto;CASA FUNERARIA LYRIO;RJ;20;;27.299.759/0001-73;(24)98118-0650;PARAIBA DO SUL
174;CENTRO;12260-000;FUNERARIA PARAIBUNA;funernovavida@yahoo.com.br;3535606;RUA MAJOR SOARES;E G MENDONCA FUNERARIA;504.066.491-113;IUB;Base Bignotto;E G MENDONCA FUNERARIA;SP;20;012 3974-1055;03.037.420/0001-30;012 3974-0174;PARAIBUNA
3302;SAO FRANCISCO;37902-026;LAR SAO VICENTE DE P;gerenciafuneraria@larsaovicentedepassos.;3147907;AV ARLINDO FIGUEIREDO;LAR SAO VICENTE DE PAULO DE PASSOS;ISENTO;IUB;Base Bignotto;LAR SAO VICENTE DE PAULO DE PASSOS;MG;20;;23.280.084/0001-60;035 3521-0403;PASSOS
233;NOVA PAULINIA;13140-291;FUNERARIA FATIMA SOA;funerariafatimasoares@hotmail.com;3536505;RUA RUA SANTA CRUZ;FATIMA COSTA SOARES SERVICOS ASSISTENCIAIS E FUNERARIOS LTDA;513.245.039.111;IUB;Base Bignotto;FATIMA COSTA SOARES SERVICOS ASSISTENCIA;SP;20;;55.970.186/0001-01;019 98148-2660;PAULINIA
225;NOVA PAULINIA;13140-311;FUNERARIA VEDOVELLO;contato@alvoradacon.com.br;3536505;RUA NOSSA SENHORA DA CONCEICAO;M.J. VEDOVELLO;ISENTO;IUB;Base Bignotto;M.J. VEDOVELLO;SP;20;19 9416-9797;28.655.404/0001-32;(019) 3884-12;PAULINIA
104;CENTRO;11750-000;FUNERARIA SAO PAULO;funesp.adm.peruibe@hotmail.com;3537602;RUA CAETANO MORATORE;FUNESP SERVICO FUNERARIO E PLANO DE ASSISTENCIA LTDA;524.015.243.118;IUB;Base Bignotto;FUNESP SERVICO FUNERARIO E PLANO DE ASSI;SP;20;013 3455.7408;61.349.098/0001-81;013 3455-3985;PERUIBE
327;CENTRO;25680-003;;ruyligeirojr@yahoo.com.br;3303906;RUA PAULINO AFONSO;FUNERARIA CASA MUSSEL LTDA.;ISENTO;IUB;Base Bignotto;FUNERARIA CASA MUSSEL LTDA.;RJ;20;;30.649.867/0001-33;024 3243-0483;PETROPOLIS
14429;BAIRRO ITAIPAVA;25730-735;ITAIPAVA;ruyligeirojr@yahoo.com.br;3303906;ESTRADA UNIAO E INDUSTRIA;SERVICO FUNERARIO DE ITAIPAVA LTDA;ISENTO;IUB;Base Bignotto;SERVICO FUNERARIO DE ITAIPAVA LTDA;RJ;20;;31.538.309/0001-63;024 3243-0483;PETROPOLIS
36;CENTRO;25685-180;FUNERARIA OSWALDO CR;ruyligeirojr@yahoo.com.br;3303906;PRACA OSWALDO CRUZ;FUNERARIA OSWALDO CRUZ LTDA;ISENTO;IUB;Base Bignotto;FUNERARIA OSWALDO CRUZ LTDA;RJ;20;;29.671.468/0001-90;024 2243-0483;PETROPOLIS
11;CENTRO;18170-000;;ceuservicosfunerarios@gmail.com;3537800;RUA RUA QUINTINO BOCAIUVA;ERICK MARTINS DE CAMARGO 39772746867;526.143.337.119;IUB;Base Bignotto;ERICK MARTINS DE CAMARGO 39772746867;SP;20;;45.513.135/0001-99;015 99850-1771;PIEDADE
82;CENTRO;12410-040;ORGANIZACAO SANTO EX;tripinda@hotmail.com;3538006;RUA DR FREDERICO MACHADO;ORGANIZACAO ASSISTENCIAL DE LUTO SANTO EXPEDITO LTDA;ISENTO;IUB;Base Bignotto;ORGANIZACAO ASSISTENCIAL DE LUTO SANTO E;SP;20;;05.162.260/0001-87;012 3645-3340;PINDAMONHANGABA
703;SAO BENEDITO;12410-050;SESOLUPI;funerariasesolupi@terra.com.br;3538006;RUA MAJOR JOSE DOS SANTOS MOREIRA;NILTON CESAR VIEIRA PINDAMONHANGABA;ISENTO;IUB;Base Bignotto;NILTON CESAR VIEIRA PINDAMONHANGABA;SP;20;12 99745-0969;01.946.584/0001-55;012 3642-3954;PINDAMONHANGABA
500;CENTRO;18800-000;;funeraria_pirajuense@hotmail.com;3538808;RUA JOAO HAILER;EMPRESA FUNERARIA PIRAJUENSE LTDA ME;537.005.687.114;IUB;Base Bignotto;EMPRESA FUNERARIA PIRAJUENSE LTDA ME;SP;20;;49.115.694/0001-00;014 3351-1324;PIRAJU
64;CENTRO;36480-000;FUNERARIA Q-LUZ;cidreia@uai.com.br;3150802;AV FLORIANO PEIXOTO MACIEL;RONE DE PAIVA FERNANDES;001110858.00-76;IUB;Base Bignotto;RONE DE PAIVA FERNANDES;MG;20;;09.123.536/0001-79;031 99983-5858;PIRANGA
190;VILA NOVA;06550-000;FUNERARIA ALVORADA;funerariaparnaiba@hotmail.com;3539103;RUA CONEGO HENRIQUE VAN KASTEREN;FUNERARIA ALVORADA LTDA - ME;540.008.239.114;IUB;Base Bignotto;FUNERARIA ALVORADA LTDA - ME;SP;20;011 99130-8729;05.523.319/0001-15;011 4705-8781;PIRAPORA DO BOM JESUS
1215;CENTRO;13630-080;ORGANIZACAO DE LUTO;funerarialebeis@hotmail.com;3539301;RUA DA SAUDADE;FUNERARIA LEBEIS E LEBEIS LTDA - ME;ISENTO;IUB;Base Bignotto;FUNERARIA LEBEIS E LEBEIS LTDA - ME;SP;20;019 3561-3764;53.573.911/0001-74;019 3561-3987;PIRASSUNUNGA
78;VILA ACOREANA;08557-010;FUNERARIA GIRASSOL;federalconvenios@gmail.com;3539806;PC JOSE GUIDA;OSMAR DE SANTANA MACEDO FUNERARIA;546.193.890.118;IUB;Base Bignotto;OSMAR DE SANTANA MACEDO FUNERARIA;SP;20;;35.496.326/0001-36;011 2037-1120;POA
360;CENTRO;37757-000;FUNERARIA SAO JOAO;enfoc@pontt.com.br;3151701;PRACA PC TANCREDO NEVES;JOAO ALVES DA SILVA 51094363987;ISENTO;IUB;Base Bignotto;JOAO ALVES DA SILVA 51094363987;MG;20;;45.759.053/0001-29;035 99195-5644;POCO FUNDO
373;CENTRO;37757-000;ELOIR PEREIR;eloir54pereira@hotmail.com;3151701;AV DR. LELIO DE ALMEIDA;JOAQUIM ELOIR PEREIRA;517918156.00-73;IUB;Base Bignotto;JOAQUIM ELOIR PEREIRA;MG;20;;19.866.110/0001-69;035 99911-1977;POCO FUNDO
343;CENTRO;37701-013;PREF.POCOS;funerariampocosdecaldas@gmail.com;3151800;AVENIDA FRANCISCO SALLES;PREFEITURA MUNICIPAL DE POCOS DE CALDAS;ISENTO;IUB;Base Bignotto;PREFEITURA MUNICIPAL DE POCOS DE CALDAS;MG;20;035 36975076;18.629.840/0001-83;035 3697-5000;POCOS DE CALDAS
85;CENTRO;35430-004;GRUPO ZELO;regulatorio@grupozelo.com;3152105;RUA DOUTOR LEONARDO;COMPANHIA BRASILEIRA DE SERVICOS FUNERARIOS LTDA;ISENTO;IUB;Base Bignotto;COMPANHIA BRASILEIRA DE SERVICOS FUNERAR;MG;20;;27.630.446/0215-87;031 3314-8000;PONTE NOVA
192;CENTRO;18540-073;FUNERARIA NOVA PORTO;sistema.cont@uol.com.br;3540606;RUA DOUTOR ADHEMAR DE BARROS;EMPRESA FUNERARIA NOVA PORTO FELIZ LTDA;ISENTO;IUB;Base Bignotto;EMPRESA FUNERARIA NOVA PORTO FELIZ LTDA;SP;20;;03.704.271/0001-16;(11) 4013-9191;PORTO FELIZ
368;CENTRO;13660-000;RUBENS BURIM;mspirondi1@gmail.com;3540705;RUA LUIZ GAMA;RUBENS BURIM FILHO ME;ISENTO;IUB;Base Bignotto;RUBENS BURIM FILHO ME;SP;20;;54.826.920/0001-92;019 3581-3274;PORTO FERREIRA
1757;CENTRO;27570-000;FUNERARIA E CAPELA P;viviane.funerariaportoreal@gmail.com;3304110;AVENIDA GERALDO RIBAS;PORTO REAL FUNERARIA E CAPELA LTDA;ISENTO;IUB;Base Bignotto;PORTO REAL FUNERARIA E CAPELA LTDA;RJ;20;;08.223.260/0001-38;024 99924-9499;PORTO REAL
86;CENTRO;14850-000;;funerariapradopolis@gmail.com;3540903;RUA PRESIDENTE VARGAS;ORGANIZACAO SOCIAL DE LUTO PRADOPOLIS LTDA;557.006.146.115;IUB;Base Bignotto;ORGANIZACAO SOCIAL DE LUTO PRADOPOLIS LT;SP;20;;03.530.477/0001-77;16 3981-1260;PRADOPOLIS
14;VILA MARIA;19470-000;ARACA.;funerariaaraca@yahoo.com.br;3541307;RUA JOAO PESSOA;FUNERARIA ARACA LTDA ME;561.019.860.114;IUB;Base Bignotto;FUNERARIA ARACA LTDA ME;SP;20;;00.003.119/0001-18;018 3281-2440;PRESIDENTE EPITACIO
80;CENTRO;11900-000;PREVER SERVICOS FUNE;contabilidade@rimacontabil.com.br;3542602;RUA SEIJI SUMIDA;R. CZEZACKI & CIA LTDA;574.043.134.110;IUB;Base Bignotto;R. CZEZACKI & CIA LTDA;SP;20;13 997309340;76.396.159/0006-43;13 3821-1540;REGISTRO
500;CENTRO;65938-000;L P URNAS;urnaslp@gmail.com;2109551;RUA TOCANTINS;L P INDUSTRIA E COMERCIO DE URNAS LTDA;128873558;IUB;Base Bignotto;L P INDUSTRIA E COMERCIO DE URNAS LTDA;MA;20;;58.820.463/0001-80;(99) 8828-8959;RIBAMAR FIQUENE
840;BANGU;21863-005;VINICIUS MARTINS;assistenciafuneralvmgs@gmail.com;3304557;RUA CATIRI;57.133.251 VINICIUS MARTINS GOMES SANTOS;ISENTO;IUB;Base Bignotto;57.133.251 VINICIUS MARTINS GOMES SANTOS;RJ;20;;57.133.251/0001-61;(21) 9945-2985;RIO DE JANEIRO
384;BARRETO;24110-256;POS VIDA NITEROI;mvmoraes77@gmail.com;3304557;RUA GENERAL CASTRIOTO;POS VIDA NITEROI PLANO FUNERAL LTDA;11.056.08-3;IUB;Base Bignotto;POS VIDA NITEROI PLANO FUNERAL LTDA;RJ;20;021 2620-9638;10.683.642/0001-96;021 97038-1022;RIO DE JANEIRO
249;ENGENHO DE DENTRO;20770-001;SANTA CASA COPACABAN;financeiro@santacasacopacabana.com.br;3304557;RUA ARQUIAS CORDEIRO;AGENCIA FUNERARIA SANTA CASA DE ACARI LTDA;ISENTO;IUB;Base Bignotto;AGENCIA FUNERARIA SANTA CASA DE ACARI LT;RJ;20;;05.959.893/0001-10;021 3372-5627;RIO DE JANEIRO
18;TANQUE;22735-015;MARANATA;ffunerariamaranata@gmail.com;3304557;AV GEREMARIO DANTAS;MARANATA SERVICOS FUNERARIOS LTDA;ISENTO;IUB;Base Bignotto;MARANATA SERVICOS FUNERARIOS LTDA;RJ;20;;01.552.266/0001-00;021 2402-6376;RIO DE JANEIRO
418;MARACANA;20550-013;AGENCIA SANTA CASA S;ag.funerariasantacasa@uol.com.br;3304557;RUA SAO FRANCISCO XAVIER;SERVICOS FUNERARIOS SAO SEBASTIAO LTDA;ISENTO;IUB;Base Bignotto;SERVICOS FUNERARIOS SAO SEBASTIAO LTDA;RJ;20;;31.671.878/0001-82;021 2284-6686;RIO DE JANEIRO
635;PADRE MIGUEL;21715-410;VELORIUM ASSISTENCIA;jorgedamiao@ig.com.br;3304557;RUA FRANCISCO REAL;AGENCIA FUNERARIA MURUNDU LTDA;ISENTO;IUB;Base Bignotto;AGENCIA FUNERARIA MURUNDU LTDA;RJ;20;;01.093.326/0001-73;021 96472-4825;RIO DE JANEIRO
2565;INHAUMA;20760-246;;financeiro@santacasacard.com.br;3304557;RUA JOSE DOS REIS;FUNERARIA CENTRAL SANTA CASA 24H LTDA;ISENTO;IUB;Base Bignotto;FUNERARIA CENTRAL SANTA CASA 24H LTDA;RJ;20;;33.908.591/0001-59;021 99697-5422;RIO DE JANEIRO
;IRAJA;21230-000;;empresas@stocristo.com.br;3304557;PRACA NOSSA SRA DA APRESENTACAO,243, 253;CAPELA SANTO CRISTO LTDA;ISENTO;IUB;Base Bignotto;CAPELA SANTO CRISTO LTDA;RJ;20;021 97013-6366;33.737.974/0001-01;021 3371-1067;RIO DE JANEIRO
311;ENGENHO DE DENTRO;20730-000;;fsvito@terra.com.br;3304557;RUA ADOLFO BERGAMINI;FUNERARIA SAO VITO LTDA;ISENTO;IUB;Base Bignotto;FUNERARIA SAO VITO LTDA;RJ;20;021 3899-8535;01.497.392/0001-09;021 2596-0398;RIO DE JANEIRO
216;CENTRO;09450-000;CONCEL- ASSISTENCIA;funerariacentralrgs@hotmail.com;3544103;RUA PREFEITO CIDO FRANCO;CONCEL - ASSISTENCIA FUNERAL E FUNERARIA LTDA.;589.066.613.115;IUB;Base Bignotto;CONCEL - ASSISTENCIA FUNERAL E FUNERARIA;SP;20;11 4820-2730;07.646.676/0001-04;11 4820-2730;RIO GRANDE DA SERRA
245;CENTRO;36150-000;FUNERARIA E PLANO FU;luizarinco@hotmail.com;3155405;RUA DR.ELILIO DE MATTOS;FUNERARIA E PLANO FUNERAL RIO NOVO LTDA ME;ISENTO;IUB;Base Bignotto;FUNERARIA E PLANO FUNERAL RIO NOVO LTDA;MG;20;;03.273.973/0001-92;032 3274-2450;RIO NOVO
52;CENTRO;38190-000;BOSQUETTI;fernandabosquetti@hotmail.com;3156908;PRACA GETULIO VARGAS;ORGANIZACAO SOCIAL DE LUTO BOSQUETTI LTDA ME;569.965.004.00-86;IUB;Base Bignotto;ORGANIZACAO SOCIAL DE LUTO BOSQUETTI LTD;MG;20;;01.125.953/0001-49;034 3351-1043;SACRAMENTO
988;MARIA ROSA;38190-000;FUNERARIA BONATTI;itair@onda.net.br;3156908;RUA JOSE PANDO;FUNERARIA BONATTI SACRAMENTO LTDA;569.201.885.00-46;IUB;Base Bignotto;FUNERARIA BONATTI SACRAMENTO LTDA;MG;20;;05.317.282/0001-79;034 98403-7884;SACRAMENTO
509;CENTRO;18900-000;FUNERARIA RAINHA DA;robertofuneraria@hotmail.com;3546405;AVENIDA DOUTOR CIRO M. CAMARINHA;ROBERTO BONANATA & CIA LTDA - ME;ISENTO;IUB;Base Bignotto;ROBERTO BONANATA & CIA LTDA - ME;SP;20;014 99858-4594;00.523.305/0001-88;014 3372-1674;SANTA CRUZ DO RIO PARDO
441;CENTRO;13510-000;FUNERARIA SANTA GERT;adriana_cerri@hotmail.com;3546702;RUA 1;W A EMPRESA FUNERARIA LTDA - ME;615.070.041.111;IUB;Base Bignotto;W A EMPRESA FUNERARIA LTDA - ME;SP;20;019 3982-2348;03.197.227/0001-67;019 3545-5254;SANTA GERTRUDES
912;DUQUESA I SAO BENEDI;33170-000;COMPANHIA BRASILEIRA;regulatorio@grupozelo.com;3157807;AV BRASILIA;COMPANHIA BRASILEIRA DE SERVICOS FUNERARIOS LTDA;ISENTO;IUB;Base Bignotto;COMPANHIA BRASILEIRA DE SERVICOS FUNERAR;MG;20;;27.630.446/0260-31;31 3314-8000;SANTA LUZIA
1339;DUQUESA I (SAO BENED;33170-000;VALORIZE;comprador@planosmetropax.com.br;3157807;AV BRASILIA;FUNERARIA VALORIZE SANTA LUZIA LTDA;ISENTO;IUB;Base Bignotto;FUNERARIA VALORIZE SANTA LUZIA LTDA;MG;20;;28.636.997/0001-90;031 3057-4000;SANTA LUZIA
126;PARQUE SANTANA;06515-010;FUNERARIA CORREA;funerariacorrea@gmail.com;3547304;RUA DAS GOIABEIRAS;JULIANA MARIA MENDONCA CORREA ME;623.089.954.114;IUB;Base Bignotto;JULIANA MARIA MENDONCA CORREA ME;SP;20;;06.016.310/0001-80;011 4151-3175;SANTANA DE PARNAIBA
341;CENTRO;13670-000;MAXIMO;valerymaximo@hotmail.com;3547502;RUA INACIO RIBEIRO;MAXIMO E CIA LTDA ME;621.019.249.110;IUB;Base Bignotto;MAXIMO E CIA LTDA ME;SP;20;019 99957-7945;01.507.769/0001-63;019 3582-3819;SANTA RITA DO PASSA QUATRO
111;JARDIM BELA VISTA;09040-230;SANTO ANDRE;compras@sfmsa.sp.gov.br;3547809;RUA JOAO BELETATO;SERVICO FUNERARIO DO MUNICIPIO DE SANTO ANDRE;ISENTO;IUB;Base Bignotto;SERVICO FUNERARIO DO MUNICIPIO DE SANTO;SP;20;;57.614.976/0001-71;011 4433-3544;SANTO ANDRE
1912;MAUA;09580-500;SERVICO FUNERARIO AR;edson.deville@hotmail.com;3548807;ESTRADA DAS LAGRIMAS;SERVICO FUNERARIO ARGEU LTDA;636.395.818.110;IUB;Base Bignotto;SERVICO FUNERARIO ARGEU LTDA;SP;20;;34.565.907/0001-10;011 99837-5373;SAO CAETANO DO SUL
289;VILA MARINA;13566-350;SINSEF;alessandra.dias@gruposinsef.com.br;3548906;AVENIDA SALGADO FILHO;SINSEF SAO CARLOS LTDA ME;ISENTO;IUB;Base Bignotto;SINSEF SAO CARLOS LTDA ME;SP;20;016 99762-5697;13.022.309/0001-24;016 3374-4794;SAO CARLOS
88;CENTRO;35995-000;PLAN FLORES PLANO FA;planflores.sdp@gmail.com;3161007;RUA JOSE RECREIO;KLEYSON ALEXANDRE DOS SANTOS LTDA;0044723270027;IUB;Base Bignotto;KLEYSON ALEXANDRE DOS SANTOS LTDA;MG;20;;48.368.758/0001-03;031 99791-2974;SAO DOMINGOS DO PRATA
94;CENTRO;28400-000;VIDA LONGA ASSISTENC;contato@planovidalonga.com.br;3304805;RUA MARECHAL DEODORO;VIDA LONGA ASSISTENCIA FAMILIAR LTDA;87.309.126;IUB;Base Bignotto;VIDA LONGA ASSISTENCIA FAMILIAR LTDA;RJ;20;;27.066.771/0001-38;022 99729-9469;SAO FIDELIS
2599;PORTO NOVO;24435-001;FLORICULTURA BEIJA F;rodrigolessa05@hotmail.com;3304904;RUA DR FRANCISCO PORTELA LOJA 02;FLORICULTURA MONSENHOR CRISANTEMO LTDA;75.616.392;IUB;Base Bignotto;FLORICULTURA MONSENHOR CRISANTEMO LTDA;RJ;20;021 96437-1508;02.390.494/0001-93;021 2712-2638;SAO GONCALO
110;CENTRO;36307-312;GRUPO ZELO;regulatorio@grupozelo.om;3162500;RUA MARIA TEREZA;COMPANHIA BRASILEIRA DE SERVICOS FUNERARIOS LTDA;ISENTO;IUB;Base Bignotto;COMPANHIA BRASILEIRA DE SERVICOS FUNERAR;MG;20;;27.630.446/0135-68;031 3314-8000;SAO JOAO DEL REI
157;TEREZA CRISTINA;32920-000;FUNERARIA BRAGA DE S;renataalmeidaprof@gmail.com;3162922;RUA ALAGOAS;FUNERARIA BRAGA DE SAO JOAQUIM DE BICAS LTDA;ISENTO;IUB;Base Bignotto;FUNERARIA BRAGA DE SAO JOAQUIM DE BICAS;MG;20;31 9604-0049;04.166.003/0001-50;031 3534-0049;SAO JOAQUIM DE BICAS
103;CIDADE;13720-000;FUNERARIA SAO JOSE;jurandirrioli@oultlook.com;3549706;AVENIDA 9 DE JULHO;JURANDIR DO CARMO RIOLLI ME;ISENTO;IUB;Base Bignotto;JURANDIR DO CARMO RIOLLI ME;SP;20;019 3665-3335;59.897.587/0001-26;019 3608-5095;SAO JOSE DO RIO PARDO
713;NOSSA SRA DE FATIMA;37470-000;SANTA CLARA;joselia_lorenzo@hotmail.com;3163706;AVENIDA DAMIAO JUNQUEIRA DE SOUZA;EMPRESA SANTA CLARA - EIRELI - EPP;001098320.00-41;IUB;Base Bignotto;EMPRESA SANTA CLARA - EIRELI - EPP;MG;20;;74.430.851/0002-91;012 3145-3228;SAO LOURENCO
2771;BOA VISTA;29931-345;COMPANHIA BRASILEIRA;faleconosco@grupozelo.com;3204906;AVENIDA JOSE TOZZI;COMPANHIA BRASILEIRA DE SERVICOS FUNERAR;ISENTO;IUB;Base Bignotto;COMPANHIA BRASILEIRA DE SERVICOS FUNERAR;ES;20;;27.630.446/0143-78;(31) 3314-8000;SAO MATEUS
129;JARDIM PAULISTA;01404-000;CONDOMINIO EDIFICIO;;3550308;ALAMEDA CAMPINAS;CONDOMINIO EDIFICIO PAULISTA FLAT II;ISENTO;IUB;Base Bignotto;CONDOMINIO EDIFICIO PAULISTA FLAT II;SP;20;;60.048.097/0001-34;;SAO PAULO
199;ACLIMACAO;01528-020;RURAL FACILITY - CON;simetrocontabil@yahoo.com.br;3550308;RUA TTE AZEVEDO;VELATTUS ASSISTENCIA FUNERARIA LTDA;ISENTO;IUB;Base Bignotto;VELATTUS ASSISTENCIA FUNERARIA LTDA;SP;20;;46.431.804/0001-46;(11) 3539-5741;SAO PAULO
130;VILA SANTA EDWIGES;05104-070;ALJ FUNERARIA;alj.funeraria@gmail.com;3550308;RUA CIPRIANO DE GOIS;ALJ PLANO DE ASSISTENCIA FUNERARIA LTDA;ISENTO;IUB;Base Bignotto;ALJ PLANO DE ASSISTENCIA FUNERARIA LTDA;SP;20;11 98298-9478;54.387.791/0001-83;(11) 3696-8490;SAO PAULO
4865;ITAIM BIBI;01407-200;SPE CONSORCIO CORTEL;compras@cortelsp.com.br;3550308;AVENIDA AVENIDA NOVE DE JULHO;SPE CONSORCIO CORTEL SP S.A;ISENTO;IUB;Base Bignotto;SPE CONSORCIO CORTEL SP S.A;SP;20;;47.701.152/0001-85;11 974773493;SAO PAULO
1931;JARDIM PAULISTANO;01452-910;CONSOLARE;"erick.grosso@consolare.com.br; yuri.pellicer@consolare.com.br;aureo.lima@consolare.com.br";3550308;AVENIDA AV BRIG FARIA LIMA;CONCESSIONARIA DE CEMITERIOS E SERVICOS FUNERARIOS SPE S.A;135.444.634.117;IUB;Base Bignotto;CONCESSIONARIA DE CEMITERIOS E SERVICOS;SP;20;11 91639-8664;44.615.216/0001-37;011 4637-0969;SAO PAULO
433;PINHEIROS;05419-902;VELAR SP;kathelleyn.agnoletto@velar.com.br;3550308;AVENIDA AV PEDROSO DE MORAIS;CONCESSIONARIA PREVER ADMINISTRACAO CEMITERIAL E SERVICOS FUNERARIOS S.A;ISENTO;IUB;Base Bignotto;CONCESSIONARIA PREVER ADMINISTRACAO CEMI;SP;20;;47.863.166/0001-03;011 96975-7218;SAO PAULO
1079;BELA VISTA;01311-200;FUNERARIA BENTTUS;taticmacedo@hotmail.com;3550308;AV PAULISTA;BENTTUS ASSISTENCIA FAMILIAR EIRELI;128.423.351.113;IUB;Base Bignotto;BENTTUS ASSISTENCIA FAMILIAR EIRELI;SP;20;;23.488.106/0001-81;011 2829-6943;SAO PAULO
169;FLUMINENSE;28941-364;ALEM DA VIDA;thiagocostafilho30@gmail.com;3305208;R SAO SEBASTIAO;DANIEL SANTOS COSTA FUNERARIA LTDA;15.421.60-6;IUB;Base Bignotto;DANIEL SANTOS COSTA FUNERARIA LTDA;RJ;20;(22) 9889-5272;60.181.178/0001-08;(22)99763-4507;SAO PEDRO DA ALDEIA
557;CENTRO;11608-608;PARAISO;paraisoaf@gmail.com;3550704;RUA CAPITAO LUIZ SOARES;PARAISO ASSISTENCIA FAMILIAR EIRELI;654.088.667.111;IUB;Base Bignotto;PARAISO ASSISTENCIA FAMILIAR EIRELI;SP;20;;25.401.500/0001-66;012 3892-2777;SAO SEBASTIAO
557;CENTRO;11600-000;PARAISO2;alessandrafj@hotmail.com;3550704;RUA CAPITAO LUIZ SOARES;FUNERARIA PARAISO JANDIRA LTDA ME;ISENTO;IUB;Base Bignotto;FUNERARIA PARAISO JANDIRA LTDA ME;SP;20;;06.249.766/0002-71;011 3903 8806;SAO SEBASTIAO
;CENTRO;36540-000;FUNERARIA SHALON;luciocaminhaosf@gmail.com;3165701;PRACA SANTO ANTONIO;LUCIO CLAUDIANO MARTINS 04770329660;ISENTO;IUB;Base Bignotto;LUCIO CLAUDIANO MARTINS 04770329660;MG;20;;35.166.058/0001-94;032 98419-0654;SENADOR FIRMINO
31;PARQUE RESIDENCIAL L;29165-680;FUNERARIA SANTA URSU;contratos3@contservice.com.br;3205002;AVENIDA ELDES SCHERRER SOUZA;DYR SERVICOS FUNERARIOS LTDA;082.913.20-0;IUB;Base Bignotto;DYR SERVICOS FUNERARIOS LTDA;ES;20;;17.118.060/0001-06;(27) 999704680;SERRA
41;CANAA;35701-125;GRUPO ZELO;controladoria@grupozelo.com;3167202;PRACA JOSE ANTONIO DA SILVEIRA;COMPANHIA BRASILEIRA DE SERVICOS FUNERARIOS LTDA;ISENTO;IUB;Base Bignotto;COMPANHIA BRASILEIRA DE SERVICOS FUNERAR;MG;20;;27.630.446/0014-70;031 3314-8000;SETE LAGOAS
1194;JARDIM SAO CARLOS;13170-234;;funerariaflamboyant@uol.com.br;3552403;RUA JOSE MARIA MIRANDA;ALEXANDRO DE JESUS FERREIRA MORAIS SANTOS ME;ISENTO;IUB;Base Bignotto;ALEXANDRO DE JESUS FERREIRA MORAIS SANTO;SP;20;019 98110-8045;07.897.013/0002-35;019 3883-1617;SUMARE
37;CENTRO;13170-030;;funerabomjesus@bol.com.br;3552403;RUA ANTONIO PEREIRA CAMARGO;EMPRESA FUNERARIA CAMPOS & CAMPOS SUMARE LTDA - ME;671.387.872.113;IUB;Base Bignotto;EMPRESA FUNERARIA CAMPOS & CAMPOS SUMARE;SP;20;019 99210-3571;67.481.523/0001-78;019 3873-4406;SUMARE
;VILA DAS OLIVEIRAS;06766-360;SAUDADES FLORES LTDA;adm.conceptos@terra.com.br;3552809;AV LAURITA ORTEGA MARI-831/ TABOAO DA SERRA;SAUDADES FLORES;675.630.257.110;IUB;Base Bignotto;SAUDADES FLORES LTDA;SP;20;(11)3005-1149;58.008.561/0001-17;(11)99688-0022;TABOAO DA SERRA
1337;VILA DAS OLIVEIRAS;06766-360;ASSISTENCIA FUNERARI;funeprev@gmail.com;3552809;AVENIDA AV LAURITA ORTEGA MARI;FUNERARIA REI ETERNO ASSISTENCIA FAMILIAR LTDA;ISENTO;IUB;Base Bignotto;FUNERARIA REI ETERNO ASSISTENCIA FAMILIA;SP;20;;45.262.617/0001-13;011 99368-9124;TABOAO DA SERRA
652;PARQUE PINHEIROS;06767-000;CAMPOS ASSISTENCIA F;contato@lscontabilidade.adm.br;3552809;RUA HORTENCIA ALBUQUERQUE ORLANDINO;FUNERARIA CAMPOS LTDA;675.320.727.111;IUB;Base Bignotto;FUNERARIA CAMPOS LTDA;SP;20;11 94765-3535;10.661.233/0002-70;(11) 3742-2448;TABOAO DA SERRA
103;CENTRO;15900-013;54.717.421 ISMAEL AM;ismaelcaetano7@gmail.com;3553708;RUA GENERAL OSORIO;54.717.421 ISMAEL AMANCIO CAETANO;684.168.696.110;IUB;Base Bignotto;54.717.421 ISMAEL AMANCIO CAETANO;SP;20;;54.717.421/0001-67;(16)98175-2583;TAQUARITINGA
626;VILA DI SANTI;15900-063;;thierrytq@hotmail.com;3553708;RUA SIQUEIRA CAMPOS;THIERRY AUGUSTO PINHEIRO;684.052.182.110;IUB;Base Bignotto;THIERRY AUGUSTO PINHEIRO;SP;20;016 3252 2919;10.609.635/0001-44;016 99770-8880;TAQUARITINGA
;ZONA RURAL;59338-000;FUNERARIA AME;tlc_contabilidade@hotmail.com;2414159;SIT UMBUZEIRO;RHAJ EMPREENDIMENTOS LTDA;206976720;IUB;Base Bignotto;RHAJ EMPREENDIMENTOS LTDA;RN;20;;16.757.182/0001-80;84 34380099;TENENTE LAURENTINO CRUZ
250;CENTRO;37410-000;SAO DOMINGOS;funerariasaodomingostc@hotmail.com;3169307;RUA DOUTOR JOSE ALVES PEREIRA;ABREU DE SOUZA E OLIVEIRA LTDA ME;001.080.981.00-34;IUB;Base Bignotto;ABREU DE SOUZA E OLIVEIRA LTDA ME;MG;20;;08.915.430/0001-45;035 3231-2721;TRES CORACOES
;CENTRO;25805-024;NOVO RENASCIMENTO;sandragatr@hotmail.com;3306008;RUA JOSE VAZ LOJA-06A;FUNERARIA NOVO RENASCIMENTO LTDA;ISENTO;IUB;Base Bignotto;FUNERARIA NOVO RENASCIMENTO LTDA;RJ;20;;31.675.805/0001-69;032 99803-1508;TRES RIOS
107;CENTRO;25807-100;FUNERARIA SANTA TERE;funerariasantaterezinha1910@hotmail.com;3306008;RUA DO QUINCAO;FUNERARIA SANTA TEREZINHA LTDA;80.769.342;IUB;Base Bignotto;FUNERARIA SANTA TEREZINHA LTDA;RJ;20;;28.885.580/0001-60;024 2252-0350;TRES RIOS
488;SETOR CENTRAL;75388-775;PAX SILVA;funeraria@paxsilva.com.br;5221403;AVENIDA AL WILSON TORRANO;GADE ADMINISTRACAO SERVICOS POSTUMOS LTDA;ISENTO;IUB;Base Bignotto;GADE ADMINISTRACAO SERVICOS POSTUMOS LTD;GO;20;062 98279-9940;02.783.643/0001-84;062 3505-1014;TRINDADE
876;SALA 1 CENTRO;11680-000;;funerarialitoraneaplanstel@gmail.com;3555406;AVENIDA PROFESSOR THOMAZ GALHARDO;FUNERARIA LITORANEA LTDA ME;701.036.983.110;IUB;Base Bignotto;FUNERARIA LITORANEA LTDA ME;SP;20;012 99799-4074;61.610.473/0001-03;012 3832-6387;UBATUBA
286;CENTRO;38400-172;ANGELO CUNHA;valeriacunha@icloud.com;3170206;RUA PROFESSOR PEDRO BERNARDO;FUNERARIA ANGELO CUNHA LTDA EPP;702.107.483.00-17;IUB;Base Bignotto;FUNERARIA ANGELO CUNHA LTDA EPP;MG;20;034 99976-2285;17.793.928/0001-73;034 3236-2657;UBERLANDIA
53;JARDIM SOLEIL;13271-750;BRACALENTE;celsobraca@gmail.com;3556206;RUA JOSE LEME DO PRADO;BRACALENTE SERVICOS FUNERARIOS LTDA - ME;708.197.004.110;IUB;Base Bignotto;BRACALENTE SERVICOS FUNERARIOS LTDA - ME;SP;20;;07.343.764/0001-29;019 3869-1900;VALINHOS
;PARQUE ESPLANADA V;72874-101;FUNERARIA BOA ESPERA;financeiroboaesperanca0@gmail.com;5221858;ALAMEDA SANTA MARIA;FUNERARIA APOCALIPSE LTDA;ISENTO;IUB;Base Bignotto;FUNERARIA APOCALIPSE LTDA;GO;20;;03.336.941/0002-70;(61) 3615-1105;VALPARAISO DE GOIAS
81;NOSSA SENHORA APAREC;13880-000;NOVA ALIANÇA;escstoantonio@uol.com.br;3556404;PRACA NOSSA SENHORA APARECIDA;ODAIR DONIZETI MARQUES ME;711.108.514.110;IUB;Base Bignotto;ODAIR DONIZETI MARQUES ME;SP;20;19 98323-5249;07.668.158/0001-83;019 3641-1063;VARGEM GRANDE DO SUL
455;VILA ANDERE;37004-630;PRE.VARGINHA;jackeline.fernandes@varginha.mg.gov.br;3170701;RUA DOTOR BENEVENUTO BRAZ VIEIRA;SEMUL-SERVICO MUN.FUNER.E DE ORGANIZACAO DE LUTO;ISENTO;IUB;Base Bignotto;SEMUL-SERVICO MUN.FUNER.E DE ORGANIZACAO;MG;20;;11.881.834/0001-70;035 3690-2129;VARGINHA
30;VILA SANTA TEREZINHA;13220-130;;admolvp@gmail.com;3556503;RUA MARIA AUXILIADORA;ROGERIO E ROGERIO LTDA EPP;712.032.051.115;IUB;Base Bignotto;ROGERIO E ROGERIO LTDA EPP;SP;20;11 4595-4417;67.808.592/0001-43;11 4606-2362;VARZEA PAULISTA
102;CENTRO;36570-047;GRUPO ZELO;regulatorio@grupozelo.com;3171303;AV BUENO BRANDAO;COMPANHIA BRASILEIRA DE SERVICOS FUNERARIOS LTDA;ISENTO;IUB;Base Bignotto;COMPANHIA BRASILEIRA DE SERVICOS FUNERAR;MG;20;;27.630.446/0017-13;031 3314-8000;VICOSA
495;GLORIA;29122-725;;contriladoria@grupozelo.com.br;3205200;AV JERONIMO MONTEIRO;COMPANHIA BRASILEIRA DE SERVICOS FUNERARIOS LTDA;ISENTO;IUB;Base Bignotto;COMPANHIA BRASILEIRA DE SERVICOS FUNERAR;ES;20;;27.630.446/0046-58;31 33148000;VILA VELHA
143;VILA RUBIM;29025-023;STA VITORIA;santacasapaz@santacasavitoria.org;3205309;RUA DR JOAO DOS S NEVES;IRM SANTA CASA MISERICORDIA DE VITORIA;ISENTO;IUB;Base Bignotto;IRM SANTA CASA MISERICORDIA DE VITORIA;ES;20;;28.141.190/0001-86;027 3222-0738;VITORIA
53;CENTRO;27215-620;PR.V.REDONDA;dga.smf@epdvr.com.br;3306305;PRACA SAVIO GAMA;MUNICIPIO DE VOLTA REDONDA;ISENTO;IUB;Base Bignotto;MUNICIPIO DE VOLTA REDONDA;RJ;20;;32.512.501/0001-43;024 3345-4444;VOLTA REDONDA
3758;VILA HERCILIA;15505-168;FUNERARIA SAGRADO CO;"roma.ac@terra.com.br;funerariasagradocoracao@gmail.com";3557105;RUA GOIAS;ORGANIZACAO SOCIAL DE LUTO VOTUPORANGA LTDA;ISENTO;IUB;Base Bignotto;ORGANIZACAO SOCIAL DE LUTO VOTUPORANGA;SP;20;017 99784-1670;49.983.166/0001-64;017 3421-6271;VOTUPORANGA
3446;VILA MARIN;15500-467;ORGANIZACAO SOCIAL D;compras@rosamistica.com.br;3557105;RUA ITACOLOMI;R C C NOGUEIRA FUNERARIA LTDA;718.292.923.112;IUB;Base Bignotto;R C C NOGUEIRA FUNERARIA LTDA;SP;20;;59.613.612/0001-00;017 3405-9333;VOTUPORANGA
